Date,Close,Open,High,Low
30/01/2015,0.30,0.31,0.35,0.30
31/01/2015,0.29,0.30,0.30,0.29
01/02/2015,0.29,0.29,0.29,0.29
02/02/2015,0.30,0.29,0.30,0.29
03/02/2015,0.33,0.30,0.36,0.30
04/02/2015,0.29,0.33,0.33,0.28
05/02/2015,0.28,0.29,0.37,0.27
06/02/2015,0.28,0.28,0.28,0.27
07/02/2015,0.28,0.28,0.28,0.28
08/02/2015,0.28,0.28,0.28,0.28
09/02/2015,0.28,0.28,0.28,0.28
10/02/2015,0.28,0.28,0.28,0.28
11/02/2015,0.28,0.28,0.28,0.28
12/02/2015,0.28,0.28,0.28,0.28
13/02/2015,0.28,0.28,0.28,0.28
14/02/2015,0.28,0.28,0.28,0.28
15/02/2015,0.28,0.28,0.28,0.28
16/02/2015,0.28,0.28,0.28,0.28
17/02/2015,0.10,0.52,0.52,0.01
18/02/2015,0.10,0.10,0.10,0.10
19/02/2015,0.26,0.10,0.35,0.09
20/02/2015,0.25,0.26,0.26,0.25
21/02/2015,0.25,0.25,0.25,0.25
22/02/2015,0.30,0.25,0.32,0.25
23/02/2015,0.35,0.30,0.35,0.30
24/02/2015,0.25,0.35,0.38,0.25
25/02/2015,0.25,0.25,0.25,0.25
26/02/2015,0.25,0.25,0.38,0.25
27/02/2015,0.25,0.25,0.25,0.25
28/02/2015,0.35,0.25,0.55,0.25
01/03/2015,0.35,0.35,0.35,0.35
02/03/2015,0.54,0.35,0.54,0.35
03/03/2015,0.50,0.54,0.54,0.35
04/03/2015,0.50,0.50,0.50,0.50
05/03/2015,0.26,0.50,0.50,0.26
06/03/2015,0.50,0.26,0.50,0.26
07/03/2015,0.50,0.50,0.50,0.50
08/03/2015,0.50,0.50,0.50,0.26
09/03/2015,0.25,0.50,0.54,0.25
10/03/2015,0.54,0.25,0.54,0.25
11/03/2015,0.26,0.54,0.84,0.26
12/03/2015,0.26,0.26,0.26,0.26
13/03/2015,0.80,0.26,0.81,0.26
14/03/2015,0.80,0.80,0.80,0.60
15/03/2015,0.80,0.80,0.80,0.60
16/03/2015,0.40,0.80,0.80,0.40
17/03/2015,0.40,0.40,0.40,0.40
18/03/2015,0.40,0.40,0.40,0.40
19/03/2015,0.40,0.40,0.40,0.40
20/03/2015,0.40,0.40,0.40,0.40
21/03/2015,1.00,0.40,1.00,0.40
22/03/2015,0.26,1.00,1.00,0.26
23/03/2015,0.26,0.26,0.26,0.26
24/03/2015,0.28,0.26,0.88,0.26
25/03/2015,0.88,0.28,0.88,0.28
26/03/2015,0.28,0.88,0.88,0.28
27/03/2015,0.28,0.28,0.88,0.28
28/03/2015,0.88,0.28,0.88,0.28
29/03/2015,0.28,0.88,0.88,0.28
30/03/2015,0.85,0.28,0.88,0.28
31/03/2015,0.31,0.85,3.00,0.31
01/04/2015,0.33,0.31,0.33,0.31
02/04/2015,0.33,0.33,0.33,0.33
03/04/2015,0.33,0.33,0.33,0.33
04/04/2015,0.40,0.33,0.40,0.33
05/04/2015,0.34,0.40,1.00,0.33
06/04/2015,0.34,0.34,0.34,0.34
07/04/2015,0.34,0.34,0.34,0.34
08/04/2015,0.34,0.34,0.34,0.34
09/04/2015,1.00,0.35,1.00,0.35
10/04/2015,0.80,1.00,1.00,0.35
11/04/2015,0.78,0.80,0.95,0.78
12/04/2015,0.92,0.78,0.94,0.78
13/04/2015,0.75,0.92,0.92,0.75
14/04/2015,0.50,0.75,0.75,0.50
15/04/2015,0.65,0.50,0.65,0.34
16/04/2015,0.72,0.65,0.72,0.65
17/04/2015,0.72,0.72,0.72,0.65
18/04/2015,0.34,0.72,0.72,0.34
19/04/2015,0.34,0.34,0.34,0.34
20/04/2015,0.34,0.34,0.34,0.34
21/04/2015,0.34,0.34,0.72,0.34
22/04/2015,0.70,0.34,0.75,0.34
23/04/2015,0.72,0.70,0.75,0.34
24/04/2015,0.34,0.72,0.72,0.34
25/04/2015,0.34,0.34,0.34,0.34
26/04/2015,0.34,0.34,0.34,0.34
27/04/2015,0.59,0.34,0.59,0.34
28/04/2015,0.59,0.59,0.59,0.59
29/04/2015,0.34,0.59,0.59,0.34
30/04/2015,0.34,0.34,0.34,0.34
01/05/2015,0.34,0.34,0.59,0.34
02/05/2015,0.34,0.34,0.58,0.34
03/05/2015,0.34,0.34,0.58,0.34
04/05/2015,0.34,0.34,0.34,0.34
05/05/2015,0.34,0.34,0.58,0.34
06/05/2015,0.34,0.34,0.58,0.34
07/05/2015,0.34,0.34,0.58,0.34
08/05/2015,0.52,0.34,0.58,0.34
09/05/2015,0.52,0.52,0.52,0.52
10/05/2015,0.45,0.52,0.52,0.45
11/05/2015,0.40,0.45,0.45,0.36
12/05/2015,0.57,0.40,0.57,0.40
13/05/2015,0.57,0.57,0.57,0.57
14/05/2015,0.41,0.57,0.58,0.40
15/05/2015,0.50,0.41,0.58,0.41
16/05/2015,0.64,0.50,0.64,0.50
17/05/2015,0.57,0.64,0.64,0.56
18/05/2015,0.50,0.57,0.65,0.50
19/05/2015,0.51,0.50,0.51,0.50
20/05/2015,0.31,0.51,0.64,0.31
21/05/2015,0.50,0.34,0.62,0.34
22/05/2015,0.28,0.50,0.51,0.28
23/05/2015,0.35,0.28,0.51,0.28
24/05/2015,0.50,0.35,0.50,0.28
25/05/2015,0.50,0.50,0.50,0.28
26/05/2015,0.40,0.50,0.50,0.40
27/05/2015,0.40,0.40,0.40,0.40
28/05/2015,0.40,0.40,0.40,0.40
29/05/2015,0.40,0.40,0.40,0.40
30/05/2015,0.49,0.40,0.49,0.40
31/05/2015,0.49,0.49,0.49,0.49
01/06/2015,0.40,0.49,0.49,0.40
02/06/2015,0.40,0.40,0.49,0.40
03/06/2015,0.49,0.40,0.49,0.40
04/06/2015,0.40,0.49,0.49,0.40
05/06/2015,0.50,0.40,0.50,0.40
06/06/2015,0.43,0.50,0.51,0.43
07/06/2015,0.57,0.43,0.57,0.43
08/06/2015,0.57,0.57,0.57,0.57
09/06/2015,0.47,0.57,0.57,0.47
10/06/2015,0.45,0.47,0.47,0.45
11/06/2015,0.64,0.45,0.64,0.40
12/06/2015,0.35,0.64,0.64,0.30
13/06/2015,0.44,0.35,0.64,0.35
14/06/2015,0.30,0.44,0.64,0.30
15/06/2015,0.39,0.30,0.39,0.30
16/06/2015,0.39,0.39,0.39,0.39
17/06/2015,0.53,0.39,0.53,0.39
18/06/2015,0.39,0.53,0.53,0.39
19/06/2015,0.39,0.39,0.53,0.39
20/06/2015,0.45,0.39,0.58,0.39
21/06/2015,0.58,0.45,0.58,0.45
22/06/2015,0.45,0.58,0.58,0.45
23/06/2015,0.45,0.45,0.58,0.45
24/06/2015,0.50,0.45,0.56,0.39
25/06/2015,0.50,0.50,0.50,0.50
26/06/2015,0.50,0.50,0.50,0.50
27/06/2015,0.53,0.50,0.53,0.45
28/06/2015,0.45,0.53,0.53,0.45
29/06/2015,0.45,0.45,0.45,0.45
30/06/2015,0.44,0.45,0.45,0.44
01/07/2015,0.45,0.44,0.45,0.44
02/07/2015,0.45,0.45,0.45,0.45
03/07/2015,0.45,0.45,0.45,0.45
04/07/2015,0.52,0.45,0.52,0.45
05/07/2015,0.45,0.52,0.53,0.45
06/07/2015,0.45,0.45,0.53,0.45
07/07/2015,0.50,0.45,0.50,0.45
08/07/2015,0.45,0.50,0.52,0.45
09/07/2015,0.45,0.45,0.52,0.45
10/07/2015,0.45,0.45,0.54,0.45
11/07/2015,0.54,0.45,0.54,0.45
12/07/2015,0.63,0.54,0.63,0.51
13/07/2015,0.63,0.63,0.63,0.63
14/07/2015,0.52,0.63,0.63,0.52
15/07/2015,0.52,0.52,0.52,0.52
16/07/2015,0.46,0.52,0.52,0.46
17/07/2015,0.46,0.46,0.60,0.46
18/07/2015,0.46,0.46,0.60,0.46
19/07/2015,0.59,0.46,0.59,0.46
20/07/2015,0.59,0.59,0.59,0.59
21/07/2015,0.46,0.59,0.59,0.46
22/07/2015,0.46,0.46,0.60,0.46
23/07/2015,0.60,0.46,0.60,0.46
24/07/2015,0.60,0.60,0.60,0.60
25/07/2015,0.46,0.60,0.60,0.46
26/07/2015,0.46,0.46,0.46,0.46
27/07/2015,0.46,0.46,0.46,0.46
28/07/2015,0.63,0.46,0.63,0.46
29/07/2015,0.55,0.63,0.63,0.55
30/07/2015,0.63,0.55,0.63,0.46
31/07/2015,0.46,0.63,0.63,0.46
01/08/2015,0.63,0.46,0.63,0.46
02/08/2015,0.63,0.63,0.63,0.46
03/08/2015,0.46,0.63,0.63,0.46
04/08/2015,0.46,0.46,0.63,0.46
05/08/2015,0.46,0.46,0.46,0.46
06/08/2015,0.64,0.46,0.64,0.46
07/08/2015,0.75,0.64,0.75,0.64
08/08/2015,0.75,0.75,0.75,0.47
09/08/2015,0.75,0.75,0.75,0.60
10/08/2015,0.50,0.75,0.75,0.50
11/08/2015,0.50,0.50,0.74,0.50
12/08/2015,0.50,0.50,0.50,0.50
13/08/2015,0.50,0.50,0.50,0.50
14/08/2015,0.70,0.50,0.70,0.50
15/08/2015,0.50,0.70,0.70,0.50
16/08/2015,0.74,0.50,0.74,0.50
17/08/2015,0.50,0.50,0.50,0.50
18/08/2015,0.50,0.50,0.74,0.50
19/08/2015,0.52,0.50,0.68,0.39
20/08/2015,0.41,0.52,0.65,0.40
21/08/2015,0.45,0.41,0.52,0.41
22/08/2015,0.64,0.45,0.64,0.42
23/08/2015,0.48,0.64,0.64,0.42
24/08/2015,0.62,0.48,0.62,0.42
25/08/2015,0.42,0.62,0.62,0.42
26/08/2015,0.42,0.42,0.58,0.42
27/08/2015,0.42,0.42,0.57,0.42
28/08/2015,0.42,0.42,0.49,0.42
29/08/2015,0.49,0.42,0.49,0.42
30/08/2015,0.45,0.49,0.49,0.45
31/08/2015,0.49,0.45,0.49,0.45
01/09/2015,0.49,0.49,0.49,0.45
02/09/2015,0.49,0.49,0.49,0.45
03/09/2015,0.75,0.49,0.75,0.45
04/09/2015,0.45,0.75,0.75,0.45
05/09/2015,0.46,0.45,0.75,0.45
06/09/2015,0.50,0.46,0.50,0.46
07/09/2015,0.50,0.50,0.50,0.50
08/09/2015,0.46,0.50,0.70,0.46
09/09/2015,0.70,0.46,0.70,0.46
10/09/2015,0.46,0.70,0.70,0.46
11/09/2015,0.46,0.46,0.46,0.46
12/09/2015,0.45,0.46,0.70,0.45
13/09/2015,0.44,0.45,0.46,0.44
14/09/2015,0.48,0.44,0.56,0.44
15/09/2015,0.51,0.48,0.57,0.48
16/09/2015,0.52,0.51,0.52,0.44
17/09/2015,0.55,0.52,0.55,0.47
18/09/2015,0.55,0.55,0.55,0.49
19/09/2015,0.51,0.55,0.55,0.50
20/09/2015,0.50,0.51,0.55,0.50
21/09/2015,0.50,0.50,0.50,0.47
22/09/2015,0.50,0.50,0.50,0.47
23/09/2015,0.46,0.50,0.50,0.46
24/09/2015,0.47,0.46,0.47,0.44
25/09/2015,0.45,0.47,0.47,0.44
26/09/2015,0.47,0.45,0.47,0.44
27/09/2015,0.45,0.47,0.47,0.45
28/09/2015,0.44,0.45,0.47,0.44
29/09/2015,0.43,0.44,0.44,0.43
30/09/2015,0.39,0.43,0.43,0.30
01/10/2015,0.46,0.39,0.46,0.35
02/10/2015,0.38,0.46,0.46,0.38
03/10/2015,0.47,0.38,0.47,0.38
04/10/2015,0.40,0.47,0.47,0.39
05/10/2015,0.39,0.40,0.47,0.39
06/10/2015,0.39,0.39,0.39,0.39
07/10/2015,0.40,0.39,0.47,0.39
08/10/2015,0.38,0.40,0.41,0.38
09/10/2015,0.38,0.38,0.41,0.38
10/10/2015,0.38,0.38,0.41,0.38
11/10/2015,0.39,0.38,0.39,0.38
12/10/2015,0.41,0.39,0.41,0.38
13/10/2015,0.38,0.41,0.42,0.38
14/10/2015,0.37,0.38,0.46,0.37
15/10/2015,0.38,0.37,0.40,0.37
16/10/2015,0.41,0.38,0.41,0.38
17/10/2015,0.47,0.41,0.47,0.39
18/10/2015,0.41,0.47,0.47,0.40
19/10/2015,0.39,0.41,0.46,0.39
20/10/2015,0.37,0.39,0.46,0.37
21/10/2015,0.38,0.37,0.38,0.37
22/10/2015,0.37,0.38,0.44,0.37
23/10/2015,0.37,0.37,0.44,0.37
24/10/2015,0.39,0.37,0.44,0.37
25/10/2015,0.38,0.39,0.41,0.38
26/10/2015,0.38,0.38,0.45,0.38
27/10/2015,0.38,0.38,0.38,0.38
28/10/2015,0.38,0.38,0.42,0.38
29/10/2015,0.50,0.38,0.50,0.38
30/10/2015,0.44,0.50,0.50,0.44
31/10/2015,0.38,0.44,0.44,0.38
01/11/2015,0.36,0.38,0.45,0.36
02/11/2015,0.45,0.36,0.45,0.30
03/11/2015,0.39,0.45,0.77,0.33
04/11/2015,0.44,0.39,0.55,0.39
05/11/2015,0.43,0.44,0.50,0.42
06/11/2015,0.46,0.43,0.46,0.40
07/11/2015,0.46,0.46,0.46,0.42
08/11/2015,0.55,0.46,0.55,0.46
09/11/2015,0.47,0.55,0.55,0.46
10/11/2015,0.45,0.47,0.47,0.45
11/11/2015,0.42,0.45,0.47,0.42
12/11/2015,0.44,0.42,0.46,0.42
13/11/2015,0.47,0.44,0.47,0.41
14/11/2015,0.43,0.47,0.47,0.43
15/11/2015,0.41,0.43,0.45,0.41
16/11/2015,0.44,0.41,0.45,0.41
17/11/2015,0.41,0.44,0.44,0.41
18/11/2015,0.41,0.41,0.41,0.41
19/11/2015,0.40,0.41,0.41,0.40
20/11/2015,0.45,0.40,0.45,0.39
21/11/2015,0.45,0.45,0.45,0.37
22/11/2015,0.36,0.45,0.45,0.36
23/11/2015,0.45,0.36,0.45,0.36
24/11/2015,0.42,0.45,0.45,0.42
25/11/2015,0.38,0.42,0.42,0.36
26/11/2015,0.41,0.38,0.41,0.38
27/11/2015,0.38,0.41,0.42,0.38
28/11/2015,0.40,0.38,0.40,0.37
29/11/2015,0.39,0.40,0.41,0.39
30/11/2015,0.37,0.39,0.42,0.37
01/12/2015,0.37,0.37,0.41,0.37
02/12/2015,0.37,0.37,0.38,0.37
03/12/2015,0.37,0.37,0.37,0.37
04/12/2015,0.37,0.37,0.37,0.36
05/12/2015,0.43,0.37,0.43,0.36
06/12/2015,0.43,0.43,0.46,0.40
07/12/2015,0.42,0.43,0.53,0.42
08/12/2015,0.43,0.42,0.43,0.40
09/12/2015,0.43,0.43,0.46,0.43
10/12/2015,0.40,0.43,0.46,0.40
11/12/2015,0.45,0.40,0.46,0.40
12/12/2015,0.42,0.45,0.47,0.42
13/12/2015,0.42,0.42,0.46,0.42
14/12/2015,0.44,0.42,0.55,0.42
15/12/2015,0.51,0.44,0.53,0.44
16/12/2015,0.51,0.51,0.55,0.51
17/12/2015,0.44,0.51,0.51,0.44
18/12/2015,0.49,0.44,0.53,0.44
19/12/2015,0.46,0.49,0.49,0.46
20/12/2015,0.45,0.46,0.53,0.45
21/12/2015,0.45,0.45,0.45,0.45
22/12/2015,0.45,0.45,0.52,0.45
23/12/2015,0.45,0.45,0.45,0.45
24/12/2015,0.46,0.45,0.46,0.45
25/12/2015,0.46,0.46,0.52,0.46
26/12/2015,0.45,0.46,0.46,0.45
27/12/2015,0.43,0.45,0.45,0.43
28/12/2015,0.44,0.43,0.44,0.43
29/12/2015,0.44,0.44,0.44,0.44
30/12/2015,0.43,0.44,0.51,0.43
31/12/2015,0.49,0.43,0.50,0.42
01/01/2016,0.54,0.49,0.54,0.43
02/01/2016,0.46,0.54,0.59,0.44
03/01/2016,0.49,0.46,0.49,0.46
04/01/2016,0.47,0.49,0.55,0.47
05/01/2016,0.47,0.47,0.55,0.47
06/01/2016,0.47,0.47,0.55,0.47
07/01/2016,0.47,0.47,0.47,0.47
08/01/2016,0.55,0.47,0.55,0.47
09/01/2016,0.47,0.55,0.55,0.47
10/01/2016,0.47,0.47,0.51,0.47
11/01/2016,0.47,0.47,0.47,0.47
12/01/2016,0.47,0.47,0.47,0.47
13/01/2016,0.46,0.47,0.47,0.46
14/01/2016,0.45,0.46,0.49,0.45
15/01/2016,0.43,0.45,0.46,0.43
16/01/2016,0.49,0.43,0.49,0.37
17/01/2016,0.40,0.49,0.50,0.40
18/01/2016,0.50,0.40,0.50,0.40
19/01/2016,0.54,0.50,0.54,0.41
20/01/2016,0.56,0.54,0.56,0.46
21/01/2016,0.50,0.56,0.60,0.50
22/01/2016,0.49,0.50,0.57,0.49
23/01/2016,0.68,0.49,0.68,0.49
24/01/2016,0.59,0.68,0.68,0.59
25/01/2016,0.63,0.59,0.68,0.54
26/01/2016,0.59,0.63,0.65,0.55
27/01/2016,0.63,0.59,0.66,0.53
28/01/2016,0.53,0.63,0.63,0.53
29/01/2016,0.55,0.53,0.56,0.47
30/01/2016,0.47,0.55,0.55,0.47
31/01/2016,0.52,0.47,0.52,0.47
01/02/2016,0.55,0.52,0.58,0.47
02/02/2016,0.49,0.55,0.57,0.49
03/02/2016,0.48,0.49,0.49,0.47
04/02/2016,0.50,0.48,0.54,0.48
05/02/2016,0.50,0.50,0.54,0.47
06/02/2016,0.47,0.50,0.53,0.47
07/02/2016,0.47,0.47,0.50,0.47
08/02/2016,0.48,0.47,0.49,0.47
09/02/2016,0.46,0.48,0.48,0.46
10/02/2016,0.48,0.46,0.48,0.46
11/02/2016,0.55,0.48,0.59,0.42
12/02/2016,0.63,0.55,0.63,0.41
13/02/2016,0.78,0.63,0.91,0.33
14/02/2016,0.83,0.78,0.86,0.66
15/02/2016,0.75,0.83,1.40,0.72
16/02/2016,1.05,0.75,1.05,0.75
17/02/2016,0.73,1.05,1.05,0.70
18/02/2016,0.77,0.73,0.81,0.70
19/02/2016,0.84,0.77,0.84,0.73
20/02/2016,0.81,0.84,0.87,0.79
21/02/2016,0.79,0.81,0.87,0.74
22/02/2016,0.77,0.79,0.82,0.76
23/02/2016,0.74,0.77,0.81,0.73
24/02/2016,0.78,0.74,0.78,0.72
25/02/2016,0.80,0.78,0.84,0.75
26/02/2016,0.81,0.80,0.83,0.78
27/02/2016,0.83,0.81,0.85,0.80
28/02/2016,0.87,0.83,0.87,0.81
29/02/2016,0.90,0.87,0.90,0.84
01/03/2016,0.80,0.90,0.90,0.79
02/03/2016,0.85,0.80,0.87,0.80
03/03/2016,1.05,0.85,1.16,0.79
04/03/2016,1.12,1.05,1.21,1.02
05/03/2016,1.26,1.12,1.37,0.85
06/03/2016,1.21,1.26,1.27,1.06
07/03/2016,1.00,1.21,1.21,0.98
08/03/2016,1.09,1.00,1.41,1.00
09/03/2016,1.08,1.09,1.35,0.52
10/03/2016,1.03,1.08,1.29,1.03
11/03/2016,1.10,1.03,1.16,1.03
12/03/2016,1.09,1.10,1.20,1.05
13/03/2016,1.20,1.09,1.21,1.08
14/03/2016,1.18,1.20,1.36,1.08
15/03/2016,1.15,1.18,1.20,1.08
16/03/2016,1.11,1.15,1.20,1.09
17/03/2016,1.30,1.11,1.30,1.09
18/03/2016,1.10,1.30,1.40,1.00
19/03/2016,1.21,1.10,1.26,1.10
20/03/2016,1.48,1.21,1.50,1.18
21/03/2016,1.44,1.48,1.56,1.35
22/03/2016,1.34,1.44,1.51,1.34
23/03/2016,1.45,1.34,1.45,1.34
24/03/2016,1.63,1.45,1.73,1.41
25/03/2016,1.59,1.63,3.30,1.59
26/03/2016,1.69,1.59,1.72,1.59
27/03/2016,1.50,1.69,1.72,1.40
28/03/2016,1.48,1.50,1.56,1.41
29/03/2016,1.48,1.48,1.53,1.46
30/03/2016,1.42,1.48,1.52,1.40
31/03/2016,1.40,1.42,1.45,1.39
01/04/2016,1.46,1.40,1.48,1.40
02/04/2016,1.56,1.46,1.56,1.42
03/04/2016,1.56,1.56,1.59,1.49
04/04/2016,1.57,1.56,1.60,1.50
05/04/2016,1.51,1.57,1.60,1.46
06/04/2016,1.50,1.51,1.55,1.46
07/04/2016,1.52,1.50,1.55,1.49
08/04/2016,1.42,1.52,1.54,1.42
09/04/2016,1.15,1.42,1.42,1.13
10/04/2016,1.08,1.15,1.15,0.87
11/04/2016,1.02,1.08,1.14,0.98
12/04/2016,0.93,1.02,1.04,0.86
13/04/2016,1.04,0.93,1.07,0.92
14/04/2016,1.03,1.04,1.06,0.98
15/04/2016,0.98,1.03,1.04,0.95
16/04/2016,0.98,0.98,1.00,0.96
17/04/2016,1.02,0.98,1.10,0.96
18/04/2016,1.10,1.02,1.11,1.01
19/04/2016,1.14,1.10,1.17,1.10
20/04/2016,1.06,1.14,1.14,1.02
21/04/2016,0.98,1.06,1.07,0.96
22/04/2016,0.99,0.98,1.04,0.95
23/04/2016,1.03,0.99,1.04,0.98
24/04/2016,1.03,1.03,1.05,1.00
25/04/2016,0.98,1.03,1.05,0.96
26/04/2016,0.90,0.98,1.00,0.83
27/04/2016,0.94,0.90,0.97,0.86
28/04/2016,0.91,0.94,0.95,0.88
29/04/2016,0.88,0.91,0.92,0.88
30/04/2016,0.91,0.88,0.97,0.88
01/05/2016,0.91,0.91,0.94,0.90
02/05/2016,0.98,0.91,0.99,0.91
03/05/2016,0.93,0.98,0.98,0.91
04/05/2016,0.92,0.93,0.94,0.90
05/05/2016,0.90,0.92,0.92,0.89
06/05/2016,0.88,0.90,0.92,0.87
07/05/2016,0.87,0.88,0.88,0.84
08/05/2016,0.85,0.87,0.89,0.83
09/05/2016,0.83,0.85,0.86,0.82
10/05/2016,0.83,0.83,0.89,0.82
11/05/2016,0.86,0.83,0.87,0.82
12/05/2016,0.87,0.86,0.88,0.85
13/05/2016,0.85,0.87,0.88,0.83
14/05/2016,0.84,0.85,0.85,0.83
15/05/2016,0.83,0.84,0.86,0.80
16/05/2016,0.81,0.83,0.84,0.81
17/05/2016,0.82,0.81,0.85,0.81
18/05/2016,0.83,0.82,0.87,0.79
19/05/2016,0.86,0.83,0.86,0.82
20/05/2016,0.93,0.86,0.96,0.84
21/05/2016,0.96,0.93,0.98,0.84
22/05/2016,0.92,0.96,0.98,0.90
23/05/2016,0.90,0.92,0.96,0.89
24/05/2016,0.91,0.90,0.98,0.90
25/05/2016,0.86,0.91,0.92,0.86
26/05/2016,0.87,0.86,0.90,0.85
27/05/2016,0.84,0.87,0.88,0.83
28/05/2016,0.81,0.84,0.90,0.81
29/05/2016,0.90,0.81,0.95,0.81
30/05/2016,0.90,0.90,0.91,0.86
31/05/2016,0.94,0.90,0.97,0.89
01/06/2016,0.92,0.94,0.94,0.87
02/06/2016,0.93,0.92,0.94,0.90
03/06/2016,0.95,0.93,0.96,0.91
04/06/2016,0.98,0.95,0.99,0.94
05/06/2016,1.01,0.98,1.01,0.97
06/06/2016,1.01,1.01,1.05,0.99
07/06/2016,0.97,1.01,1.01,0.96
08/06/2016,1.00,0.97,1.01,0.97
09/06/2016,1.15,1.00,1.23,0.99
10/06/2016,1.14,1.15,1.19,1.08
11/06/2016,1.17,1.14,1.17,1.14
12/06/2016,1.25,1.17,1.25,1.11
13/06/2016,1.27,1.25,1.36,1.18
14/06/2016,1.34,1.27,1.38,1.10
15/06/2016,1.45,1.34,1.51,1.31
16/06/2016,1.45,1.45,1.62,1.42
17/06/2016,1.76,1.45,1.79,1.45
18/06/2016,2.02,1.76,2.35,1.73
19/06/2016,1.88,2.02,2.12,1.70
20/06/2016,1.77,1.88,1.91,1.70
21/06/2016,1.62,1.77,1.87,1.50
22/06/2016,1.52,1.62,1.74,1.52
23/06/2016,1.57,1.52,1.57,1.40
24/06/2016,1.53,1.57,1.68,1.52
25/06/2016,1.57,1.53,1.66,1.52
26/06/2016,1.51,1.57,1.61,1.46
27/06/2016,1.46,1.51,1.52,1.39
28/06/2016,1.46,1.46,1.51,1.43
29/06/2016,1.53,1.46,1.61,1.45
30/06/2016,1.58,1.53,1.62,1.50
01/07/2016,1.69,1.58,1.71,1.58
02/07/2016,1.74,1.69,1.99,1.62
03/07/2016,1.73,1.74,1.86,1.62
04/07/2016,1.68,1.73,1.80,1.65
05/07/2016,1.74,1.68,1.75,1.64
06/07/2016,1.95,1.74,1.97,1.71
07/07/2016,1.83,1.95,2.20,1.76
08/07/2016,1.95,1.83,2.02,1.81
09/07/2016,1.95,1.95,1.98,1.84
10/07/2016,1.92,1.95,1.98,1.86
11/07/2016,1.97,1.92,2.02,1.88
12/07/2016,2.01,1.97,2.06,1.96
13/07/2016,1.96,2.01,2.01,1.92
14/07/2016,2.01,1.96,2.04,1.92
15/07/2016,1.99,2.01,2.04,1.95
16/07/2016,2.01,1.99,2.06,1.98
17/07/2016,1.97,2.01,2.02,1.96
18/07/2016,1.97,1.97,2.04,1.95
19/07/2016,1.88,1.97,2.00,1.86
20/07/2016,1.79,1.88,1.93,1.74
21/07/2016,1.73,1.79,1.82,1.73
22/07/2016,1.83,1.73,1.85,1.70
23/07/2016,1.90,1.83,1.90,1.80
24/07/2016,1.87,1.90,1.93,1.81
25/07/2016,1.88,1.87,1.90,1.80
26/07/2016,1.77,1.88,1.88,1.70
27/07/2016,1.94,1.77,1.94,1.76
28/07/2016,1.88,1.94,1.95,1.83
29/07/2016,1.91,1.88,1.95,1.82
30/07/2016,1.93,1.91,1.93,1.86
31/07/2016,1.80,1.93,1.94,1.80
01/08/2016,1.70,1.80,1.83,1.70
02/08/2016,1.36,1.70,1.76,1.28
03/08/2016,1.58,1.36,1.66,1.36
04/08/2016,1.87,1.58,1.93,1.58
05/08/2016,1.80,1.87,1.90,1.74
06/08/2016,1.86,1.80,1.94,1.73
07/08/2016,1.92,1.86,2.03,1.82
08/08/2016,1.91,1.92,2.00,1.83
09/08/2016,2.09,1.91,2.10,1.90
10/08/2016,2.02,2.09,2.13,1.99
11/08/2016,1.94,2.02,2.07,1.90
12/08/2016,1.95,1.94,2.06,1.90
13/08/2016,1.97,1.95,2.06,1.91
14/08/2016,1.97,1.97,2.50,1.87
15/08/2016,2.17,1.97,2.50,1.97
16/08/2016,2.24,2.17,2.25,1.96
17/08/2016,2.27,2.24,2.27,2.01
18/08/2016,2.21,2.27,2.28,2.13
19/08/2016,2.27,2.21,2.32,2.15
20/08/2016,2.47,2.27,2.57,2.23
21/08/2016,2.51,2.47,2.62,2.39
22/08/2016,4.47,2.51,6.86,2.50
23/08/2016,4.79,4.47,5.42,3.75
24/08/2016,4.48,4.79,5.05,4.33
25/08/2016,4.15,4.48,4.56,3.70
26/08/2016,4.15,4.15,4.66,4.01
27/08/2016,4.81,4.15,5.10,4.12
28/08/2016,9.13,4.81,9.80,4.81
29/08/2016,8.79,9.13,10.80,7.95
30/08/2016,8.40,8.79,9.50,7.83
31/08/2016,8.48,8.40,8.90,7.30
01/09/2016,7.91,8.48,8.85,7.77
02/09/2016,9.86,7.91,10.80,7.77
03/09/2016,11.18,9.86,15.25,9.83
04/09/2016,13.84,11.18,14.00,10.07
05/09/2016,13.90,13.84,14.34,12.50
06/09/2016,12.67,13.90,14.52,12.05
07/09/2016,11.93,12.67,12.99,11.21
08/09/2016,12.90,11.93,13.11,11.60
09/09/2016,12.59,12.90,13.82,12.00
10/09/2016,12.46,12.59,12.83,12.05
11/09/2016,10.97,12.46,12.59,10.58
12/09/2016,10.30,10.97,11.15,9.95
13/09/2016,10.70,10.30,11.62,9.80
14/09/2016,10.40,10.70,11.09,10.40
15/09/2016,9.71,10.40,10.64,9.48
16/09/2016,8.92,9.71,9.88,8.78
17/09/2016,9.60,8.92,9.90,8.85
18/09/2016,9.47,9.60,9.90,9.30
19/09/2016,10.53,9.47,10.75,9.07
20/09/2016,11.29,10.53,11.70,10.30
21/09/2016,9.79,11.29,11.29,9.79
22/09/2016,10.20,9.79,10.52,9.79
23/09/2016,10.79,10.20,11.00,10.00
24/09/2016,10.71,10.79,11.02,10.60
25/09/2016,10.20,10.71,10.71,10.20
26/09/2016,9.35,10.20,10.34,8.50
27/09/2016,9.28,9.35,9.63,9.19
28/09/2016,9.37,9.28,9.57,9.19
29/09/2016,8.51,9.37,9.59,8.30
30/09/2016,8.52,8.51,8.75,7.99
01/10/2016,7.44,8.52,8.52,7.15
02/10/2016,8.39,7.44,8.50,7.19
03/10/2016,7.89,8.39,8.75,7.77
04/10/2016,7.60,7.89,8.13,7.55
05/10/2016,6.62,7.60,7.68,6.10
06/10/2016,7.20,6.62,7.84,6.37
07/10/2016,6.77,7.20,7.80,6.70
08/10/2016,6.93,6.77,7.28,6.70
09/10/2016,7.44,6.93,7.55,6.88
10/10/2016,6.97,7.44,7.60,6.75
11/10/2016,7.34,6.97,7.83,6.60
12/10/2016,7.21,7.34,7.66,7.21
13/10/2016,7.00,7.21,7.34,6.80
14/10/2016,6.94,7.00,7.18,6.85
15/10/2016,6.47,6.94,6.94,6.40
16/10/2016,6.52,6.47,6.67,6.16
17/10/2016,6.26,6.52,6.52,5.74
18/10/2016,6.63,6.26,6.85,6.01
19/10/2016,6.73,6.63,7.15,6.48
20/10/2016,6.47,6.73,7.22,6.47
21/10/2016,6.90,6.47,6.98,6.46
22/10/2016,6.46,6.90,6.90,6.27
23/10/2016,6.53,6.46,6.69,6.46
24/10/2016,6.48,6.53,6.60,6.37
25/10/2016,6.15,6.48,6.48,5.70
26/10/2016,6.01,6.15,6.19,5.81
27/10/2016,6.17,6.01,6.40,5.93
28/10/2016,5.70,6.17,6.32,5.62
29/10/2016,4.84,5.70,5.96,4.20
30/10/2016,5.55,4.84,5.71,4.84
31/10/2016,5.12,5.55,5.67,4.81
01/11/2016,4.69,5.12,5.22,4.53
02/11/2016,4.53,4.69,5.02,4.53
03/11/2016,4.97,4.53,5.26,4.43
04/11/2016,4.88,4.97,5.10,4.73
05/11/2016,5.05,4.88,5.05,4.83
06/11/2016,5.00,5.05,5.08,4.84
07/11/2016,5.75,5.00,5.92,4.93
08/11/2016,6.66,5.75,6.82,5.63
09/11/2016,5.87,6.66,6.66,5.55
10/11/2016,6.13,5.87,6.48,5.87
11/11/2016,6.95,6.13,7.02,5.90
12/11/2016,7.58,6.95,7.68,6.58
13/11/2016,7.10,7.58,8.10,7.10
14/11/2016,7.68,7.10,8.17,7.00
15/11/2016,7.41,7.68,7.99,7.14
16/11/2016,6.83,7.41,7.49,6.06
17/11/2016,6.82,6.83,6.95,6.20
18/11/2016,6.70,6.82,7.08,6.48
19/11/2016,6.63,6.70,6.90,6.50
20/11/2016,6.64,6.63,6.90,6.45
21/11/2016,6.77,6.64,6.87,6.56
22/11/2016,7.45,6.77,8.15,6.75
23/11/2016,7.96,7.45,8.05,7.40
24/11/2016,7.72,7.96,8.32,7.50
25/11/2016,7.53,7.72,7.86,7.30
26/11/2016,7.52,7.53,7.79,7.39
27/11/2016,8.05,7.52,8.05,7.52
28/11/2016,7.87,8.05,8.05,7.76
29/11/2016,7.67,7.87,7.96,7.38
30/11/2016,9.10,7.67,9.38,7.20
01/12/2016,8.60,9.10,9.10,8.11
02/12/2016,8.06,8.60,8.66,7.87
03/12/2016,8.16,8.06,8.46,8.06
04/12/2016,7.94,8.16,8.39,7.89
05/12/2016,7.87,7.94,8.07,7.63
06/12/2016,7.40,7.87,7.91,7.10
07/12/2016,7.91,7.40,7.91,7.29
08/12/2016,7.87,7.91,8.07,7.65
09/12/2016,7.91,7.87,8.03,7.74
10/12/2016,7.75,7.91,8.00,7.65
11/12/2016,7.86,7.75,8.09,7.64
12/12/2016,8.00,7.86,8.00,7.76
13/12/2016,8.06,8.00,8.20,7.90
14/12/2016,8.44,8.06,8.57,8.06
15/12/2016,8.49,8.44,8.52,8.27
16/12/2016,8.50,8.49,8.50,8.28
17/12/2016,8.31,8.50,8.50,8.22
18/12/2016,8.69,8.31,8.90,8.26
19/12/2016,8.54,8.69,8.75,8.40
20/12/2016,8.48,8.54,8.75,8.38
21/12/2016,8.42,8.48,8.60,8.15
22/12/2016,8.85,8.42,9.40,8.25
23/12/2016,9.45,8.85,9.74,8.80
24/12/2016,9.60,9.45,9.67,9.45
25/12/2016,9.71,9.60,11.00,7.25
26/12/2016,10.24,9.71,10.50,9.70
27/12/2016,12.47,10.24,13.00,10.20
28/12/2016,14.05,12.47,14.60,12.15
29/12/2016,13.13,14.05,14.31,12.22
30/12/2016,12.87,13.13,13.22,12.08
31/12/2016,13.79,12.87,14.00,12.76
01/01/2017,13.57,13.79,14.31,13.40
02/01/2017,16.12,13.57,16.50,13.57
03/01/2017,15.72,16.12,16.93,14.80
04/01/2017,18.32,15.72,18.45,15.44
05/01/2017,15.92,18.32,18.47,14.39
06/01/2017,13.78,15.92,16.69,13.40
07/01/2017,13.00,13.78,14.13,12.20
08/01/2017,13.50,13.00,14.03,12.79
09/01/2017,13.60,13.50,13.66,12.59
10/01/2017,13.50,13.60,14.00,13.35
11/01/2017,11.73,13.50,13.63,11.01
12/01/2017,12.00,11.73,12.31,11.10
13/01/2017,11.20,12.00,12.04,11.00
14/01/2017,11.08,11.20,11.70,10.95
15/01/2017,10.68,11.08,11.15,9.74
16/01/2017,10.51,10.68,11.00,10.25
17/01/2017,12.33,10.51,12.47,10.51
18/01/2017,12.00,12.33,12.76,11.50
19/01/2017,12.15,12.00,12.35,11.65
20/01/2017,11.88,12.15,12.20,11.75
21/01/2017,12.09,11.88,12.24,11.83
22/01/2017,12.10,12.09,12.26,11.79
23/01/2017,12.20,12.10,12.22,12.01
24/01/2017,11.68,12.20,12.21,11.64
25/01/2017,11.81,11.68,11.82,11.33
26/01/2017,11.91,11.81,12.14,11.60
27/01/2017,12.15,11.91,12.15,11.58
28/01/2017,12.94,12.15,13.15,12.01
29/01/2017,12.63,12.94,13.23,12.42
30/01/2017,12.73,12.63,12.87,12.53
31/01/2017,13.02,12.73,13.23,12.65
01/02/2017,13.17,13.02,13.22,12.80
02/02/2017,13.13,13.17,13.40,13.04
03/02/2017,12.56,13.13,13.17,12.02
04/02/2017,12.48,12.56,13.00,12.28
05/02/2017,12.60,12.48,12.82,12.48
06/02/2017,12.64,12.60,12.71,12.40
07/02/2017,12.50,12.64,13.05,12.46
08/02/2017,12.69,12.50,12.80,12.35
09/02/2017,12.00,12.69,12.81,11.48
10/02/2017,12.06,12.00,12.18,11.75
11/02/2017,12.27,12.06,12.33,12.06
12/02/2017,12.29,12.27,12.34,12.13
13/02/2017,12.26,12.29,12.34,12.15
14/02/2017,13.01,12.26,13.30,12.15
15/02/2017,13.75,13.01,13.80,12.91
16/02/2017,13.19,13.75,13.80,12.91
17/02/2017,13.45,13.19,13.46,13.16
18/02/2017,13.46,13.45,13.67,13.20
19/02/2017,13.11,13.46,13.48,13.07
20/02/2017,12.28,13.11,13.11,11.48
21/02/2017,12.52,12.28,12.54,12.00
22/02/2017,12.85,12.52,12.94,12.21
23/02/2017,12.78,12.85,13.02,12.67
24/02/2017,12.78,12.78,12.78,12.78
25/02/2017,11.92,12.10,12.25,11.78
26/02/2017,12.00,11.92,12.20,11.80
27/02/2017,12.00,12.00,12.18,12.00
28/02/2017,12.27,12.00,12.40,11.60
01/03/2017,12.33,12.27,13.00,12.19
02/03/2017,13.09,12.33,13.50,12.18
03/03/2017,14.08,13.09,14.87,12.85
04/03/2017,13.67,14.08,14.36,13.05
05/03/2017,15.31,13.67,16.00,13.67
06/03/2017,15.45,15.31,15.90,14.85
07/03/2017,13.70,15.45,15.50,13.58
08/03/2017,12.50,13.70,13.87,12.50
09/03/2017,13.03,12.50,13.71,12.36
10/03/2017,13.16,13.03,13.52,12.10
11/03/2017,14.67,13.16,14.74,12.92
12/03/2017,16.84,14.67,17.19,14.36
13/03/2017,18.26,16.84,19.40,16.50
14/03/2017,17.65,18.26,18.50,17.13
15/03/2017,19.06,17.65,19.81,17.40
16/03/2017,22.20,19.06,23.00,18.75
17/03/2017,21.81,22.20,25.10,19.21
18/03/2017,19.83,21.81,22.04,17.80
19/03/2017,22.85,19.83,24.50,19.83
20/03/2017,22.30,22.85,24.44,22.00
21/03/2017,21.28,22.30,22.87,20.59
22/03/2017,21.25,21.28,22.34,20.32
23/03/2017,21.76,21.25,22.42,20.50
24/03/2017,21.30,21.76,22.28,20.64
25/03/2017,20.10,21.30,21.70,19.65
26/03/2017,19.38,20.10,20.60,19.13
27/03/2017,19.29,19.38,20.06,17.35
28/03/2017,19.39,19.29,20.29,17.80
29/03/2017,20.87,19.39,21.20,19.12
30/03/2017,19.85,20.87,21.15,19.85
31/03/2017,20.23,19.85,20.80,19.41
01/04/2017,21.00,20.23,21.23,19.00
02/04/2017,19.67,21.00,21.29,19.67
03/04/2017,20.21,19.67,21.03,19.50
04/04/2017,20.48,20.21,20.90,19.78
05/04/2017,19.91,20.48,20.55,19.71
06/04/2017,19.42,19.91,20.25,18.60
07/04/2017,19.78,19.42,20.33,19.16
08/04/2017,21.05,19.78,21.60,19.38
09/04/2017,21.05,21.05,21.59,20.00
10/04/2017,22.35,21.05,22.90,21.05
11/04/2017,21.82,22.35,22.48,21.57
12/04/2017,22.15,21.82,22.70,21.58
13/04/2017,21.76,22.15,22.44,21.69
14/04/2017,21.21,21.76,22.32,20.10
15/04/2017,21.08,21.21,21.73,20.75
16/04/2017,20.89,21.08,21.15,20.64
17/04/2017,21.22,20.89,21.63,20.70
18/04/2017,21.94,21.22,22.00,21.05
19/04/2017,21.20,21.94,21.96,21.15
20/04/2017,21.03,21.20,22.04,20.99
21/04/2017,21.78,21.03,21.80,21.00
22/04/2017,21.80,21.78,21.95,21.29
23/04/2017,21.86,21.80,22.03,21.52
24/04/2017,21.06,21.86,22.04,21.05
25/04/2017,21.32,21.06,21.70,21.06
26/04/2017,21.22,21.32,21.60,20.88
27/04/2017,23.10,21.22,23.81,21.01
28/04/2017,23.86,23.10,24.30,22.86
29/04/2017,24.55,23.86,24.90,23.68
30/04/2017,25.25,24.55,26.30,24.50
01/05/2017,24.66,25.25,25.80,23.92
02/05/2017,24.76,24.66,25.15,24.00
03/05/2017,27.16,24.76,27.55,24.47
04/05/2017,27.25,27.16,27.84,25.00
05/05/2017,28.44,27.25,31.50,26.19
06/05/2017,29.40,28.44,30.69,28.10
07/05/2017,33.72,29.40,35.50,29.00
08/05/2017,30.15,33.72,35.00,27.70
09/05/2017,28.64,30.15,31.58,26.50
10/05/2017,30.03,28.64,31.39,27.89
11/05/2017,30.00,30.03,30.58,29.39
12/05/2017,29.29,30.00,30.93,28.78
13/05/2017,29.17,29.29,29.60,27.83
14/05/2017,28.91,29.17,29.75,28.02
15/05/2017,28.44,28.91,29.40,27.70
16/05/2017,26.97,28.44,28.44,26.61
17/05/2017,27.80,26.97,28.70,25.95
18/05/2017,31.11,27.80,32.00,27.67
19/05/2017,31.88,31.11,32.38,30.88
20/05/2017,35.40,31.88,37.58,31.30
21/05/2017,34.47,35.40,36.50,33.50
22/05/2017,36.00,34.47,40.76,32.50
23/05/2017,55.64,36.00,57.70,35.50
24/05/2017,45.00,55.64,57.32,42.20
25/05/2017,38.20,45.00,49.00,37.40
26/05/2017,37.08,38.20,43.15,30.00
27/05/2017,32.00,37.08,39.50,24.10
28/05/2017,35.00,32.00,38.31,30.00
29/05/2017,40.12,35.00,43.08,34.19
30/05/2017,39.28,40.12,45.28,38.85
31/05/2017,40.27,39.28,41.96,37.18
01/06/2017,42.12,40.27,44.22,40.12
02/06/2017,42.59,42.12,43.11,41.22
03/06/2017,41.00,42.59,43.26,41.00
04/06/2017,41.00,41.00,41.00,41.00
05/06/2017,47.99,42.37,48.06,42.33
06/06/2017,55.60,47.99,55.65,45.45
07/06/2017,52.00,55.60,63.20,51.27
08/06/2017,56.20,52.00,56.20,49.55
09/06/2017,55.37,56.20,57.17,54.80
10/06/2017,51.03,55.37,56.40,50.90
11/06/2017,58.30,51.03,58.30,50.90
12/06/2017,49.05,58.30,59.51,43.00
13/06/2017,51.14,49.05,52.67,48.46
14/06/2017,45.00,51.14,52.51,42.79
15/06/2017,45.55,45.00,46.40,37.00
16/06/2017,47.50,45.55,47.52,43.00
17/06/2017,51.83,47.50,52.21,46.20
18/06/2017,49.72,51.83,53.66,47.56
19/06/2017,50.20,49.72,51.37,49.00
20/06/2017,50.70,50.20,53.12,50.20
21/06/2017,48.12,50.70,52.59,46.50
22/06/2017,49.72,48.12,50.45,47.59
23/06/2017,50.95,49.72,51.98,49.54
24/06/2017,46.65,50.95,51.19,46.00
25/06/2017,44.70,46.65,47.83,43.75
26/06/2017,43.13,44.70,47.00,37.50
27/06/2017,43.20,43.13,43.90,37.00
28/06/2017,46.71,43.20,46.90,41.30
29/06/2017,44.00,46.71,47.26,43.17
30/06/2017,43.11,44.00,45.40,42.70
01/07/2017,40.20,43.11,43.26,38.55
02/07/2017,41.87,40.20,42.48,39.04
03/07/2017,43.36,41.87,44.31,41.00
04/07/2017,45.30,43.36,45.66,43.22
05/07/2017,45.99,45.30,46.57,44.15
06/07/2017,50.00,45.99,50.40,45.92
07/07/2017,43.67,50.00,50.54,43.00
08/07/2017,46.30,43.67,46.30,39.90
09/07/2017,44.60,46.30,46.80,43.50
10/07/2017,39.68,44.60,44.80,38.10
11/07/2017,36.85,39.68,40.32,34.19
12/07/2017,40.40,36.85,40.65,34.52
13/07/2017,38.00,40.40,40.61,36.58
14/07/2017,35.62,38.00,38.40,34.00
15/07/2017,32.00,35.62,35.62,31.22
16/07/2017,29.20,32.00,32.76,28.62
17/07/2017,34.81,29.20,35.00,29.20
18/07/2017,36.55,34.81,38.00,33.00
19/07/2017,35.05,36.55,37.69,34.00
20/07/2017,40.80,35.05,41.00,34.83
21/07/2017,40.30,40.80,41.75,39.25
22/07/2017,45.00,40.30,45.00,40.07
23/07/2017,42.61,45.00,45.18,41.00
24/07/2017,45.88,42.61,46.01,41.51
25/07/2017,40.59,45.88,46.16,38.00
26/07/2017,45.97,40.59,46.70,38.40
27/07/2017,45.40,45.97,46.55,43.80
28/07/2017,43.97,45.40,45.90,42.10
29/07/2017,44.01,43.97,44.59,42.13
30/07/2017,39.77,44.01,44.12,39.09
31/07/2017,39.90,39.77,41.02,38.84
01/08/2017,44.20,39.90,45.50,39.65
02/08/2017,43.45,44.20,44.66,42.58
03/08/2017,43.56,43.45,44.48,42.90
04/08/2017,44.95,43.56,45.00,42.52
05/08/2017,48.66,44.95,49.20,44.78
06/08/2017,47.83,48.66,49.29,47.35
07/08/2017,50.49,47.83,50.50,46.97
08/08/2017,52.00,50.49,52.91,49.72
09/08/2017,51.06,52.00,53.44,49.09
10/08/2017,49.30,51.06,51.40,49.29
11/08/2017,50.36,49.30,51.44,48.76
12/08/2017,49.45,50.36,51.50,44.28
13/08/2017,47.80,49.45,50.20,45.50
14/08/2017,49.67,47.80,49.90,46.33
15/08/2017,48.71,49.67,50.26,45.08
16/08/2017,48.60,48.71,49.10,47.00
17/08/2017,47.20,48.60,49.62,47.00
18/08/2017,46.46,47.20,50.00,45.10
19/08/2017,55.63,46.46,58.50,46.44
20/08/2017,55.30,55.63,56.46,51.90
21/08/2017,77.64,55.30,100.00,52.50
22/08/2017,89.95,77.64,96.52,71.65
23/08/2017,90.37,89.95,100.24,84.83
24/08/2017,86.00,90.37,94.00,79.12
25/08/2017,108.00,86.00,110.00,84.81
26/08/2017,138.20,108.00,148.00,104.10
27/08/2017,130.93,138.20,139.56,123.25
28/08/2017,144.00,130.93,153.43,128.00
29/08/2017,133.40,144.00,144.72,127.41
30/08/2017,134.00,133.40,137.60,121.32
31/08/2017,140.54,134.00,143.73,132.17
01/09/2017,143.04,140.54,150.00,134.90
02/09/2017,121.42,143.04,143.04,117.39
03/09/2017,125.99,121.42,129.48,110.39
04/09/2017,105.10,125.99,126.10,98.56
05/09/2017,118.46,105.10,122.00,93.40
06/09/2017,123.00,118.46,124.73,114.34
07/09/2017,122.90,123.00,124.50,116.00
08/09/2017,116.55,122.90,135.05,105.00
09/09/2017,116.00,116.55,119.43,112.00
10/09/2017,112.28,116.00,117.22,102.03
11/09/2017,112.40,112.28,116.00,109.15
12/09/2017,111.21,112.40,116.30,108.69
13/09/2017,109.89,111.21,113.00,101.20
14/09/2017,85.64,109.89,119.90,85.00
15/09/2017,100.13,85.64,105.00,71.14
16/09/2017,96.39,100.13,105.00,91.14
17/09/2017,94.00,96.39,97.00,88.63
18/09/2017,101.50,94.00,103.35,94.00
19/09/2017,97.89,101.50,102.50,93.06
20/09/2017,95.32,97.89,98.80,92.50
21/09/2017,85.72,95.32,96.25,84.09
22/09/2017,87.50,85.72,89.98,84.00
23/09/2017,92.00,87.50,92.32,86.77
24/09/2017,89.39,92.00,92.27,87.22
25/09/2017,94.09,89.39,94.85,88.85
26/09/2017,93.70,94.09,95.58,91.70
27/09/2017,102.50,93.70,104.83,93.25
28/09/2017,98.18,102.50,102.75,96.41
29/09/2017,95.00,98.18,99.00,89.38
30/09/2017,96.05,95.00,97.00,94.41
01/10/2017,93.38,96.05,96.49,91.82
02/10/2017,91.77,93.38,94.19,91.00
03/10/2017,93.27,91.77,94.90,87.00
04/10/2017,89.96,93.27,94.36,88.05
05/10/2017,91.65,89.96,92.10,87.22
06/10/2017,91.13,91.65,93.20,90.06
07/10/2017,91.50,91.13,92.49,89.53
08/10/2017,90.00,91.50,92.29,90.00
09/10/2017,85.17,90.00,90.39,83.30
10/10/2017,86.85,85.17,88.55,84.00
11/10/2017,87.48,86.85,88.50,85.56
12/10/2017,87.39,87.48,89.50,86.55
13/10/2017,94.86,87.39,97.08,85.20
14/10/2017,99.73,94.86,103.65,93.50
15/10/2017,94.46,99.73,101.02,91.07
16/10/2017,95.71,94.46,98.90,93.00
17/10/2017,90.88,95.71,97.00,90.09
18/10/2017,89.00,90.88,91.98,85.00
19/10/2017,88.25,89.00,92.74,87.45
20/10/2017,90.32,88.25,93.00,87.80
21/10/2017,87.74,90.32,90.51,85.81
22/10/2017,86.40,87.74,89.00,85.00
23/10/2017,85.50,86.40,87.50,81.60
24/10/2017,87.75,85.50,92.00,82.42
25/10/2017,87.90,87.75,95.00,85.00
26/10/2017,88.80,87.90,89.41,87.00
27/10/2017,86.10,88.80,89.00,86.10
28/10/2017,86.07,86.10,87.45,85.07
29/10/2017,88.50,86.07,89.97,85.27
30/10/2017,88.89,88.50,91.00,87.80
31/10/2017,87.50,88.89,89.41,87.25
01/11/2017,86.00,87.50,88.27,84.34
02/11/2017,82.92,86.00,86.00,80.00
03/11/2017,87.25,82.92,89.40,82.92
04/11/2017,87.00,87.25,87.99,84.50
05/11/2017,86.29,87.00,89.16,85.73
06/11/2017,102.00,86.29,102.00,85.70
07/11/2017,98.39,102.00,104.00,93.13
08/11/2017,112.40,98.39,115.00,98.23
09/11/2017,118.00,112.40,123.00,110.74
10/11/2017,104.54,118.00,120.70,99.25
11/11/2017,119.16,104.54,129.10,102.25
12/11/2017,124.50,119.16,135.00,107.66
13/11/2017,122.26,124.50,134.50,117.03
14/11/2017,121.33,122.26,123.24,116.40
15/11/2017,120.99,121.33,124.00,117.50
16/11/2017,120.01,120.99,127.79,118.01
17/11/2017,126.50,120.01,126.50,118.33
18/11/2017,131.07,126.50,135.00,122.73
19/11/2017,129.66,131.07,134.00,125.50
20/11/2017,136.75,129.66,141.83,128.50
21/11/2017,142.00,136.75,142.91,131.10
22/11/2017,165.00,142.00,173.37,140.45
23/11/2017,159.00,165.00,173.67,153.00
24/11/2017,158.92,159.00,162.09,154.50
25/11/2017,168.20,158.92,169.50,157.80
26/11/2017,162.50,168.20,168.20,157.00
27/11/2017,173.00,162.50,173.00,157.87
28/11/2017,196.66,173.00,196.82,170.10
29/11/2017,165.49,196.66,208.50,150.96
30/11/2017,175.03,165.49,189.42,151.00
01/12/2017,185.66,175.03,188.60,165.77
02/12/2017,201.00,185.66,203.00,183.63
03/12/2017,195.88,201.00,207.07,184.49
04/12/2017,208.55,195.88,208.55,188.50
05/12/2017,247.48,208.55,248.00,206.12
06/12/2017,254.48,247.48,285.04,242.52
07/12/2017,259.78,254.48,277.90,225.68
08/12/2017,261.13,259.78,268.94,230.01
09/12/2017,256.10,261.13,270.00,238.61
10/12/2017,241.22,256.10,256.10,214.04
11/12/2017,272.36,241.22,275.00,238.67
12/12/2017,291.81,272.36,305.00,270.52
13/12/2017,293.58,291.81,321.25,274.41
14/12/2017,318.40,293.58,320.66,290.00
15/12/2017,310.20,318.40,319.99,290.00
16/12/2017,321.00,310.20,329.29,307.57
17/12/2017,344.00,321.00,359.60,320.50
18/12/2017,372.50,344.00,375.00,319.00
19/12/2017,358.00,372.50,392.84,325.00
20/12/2017,475.00,358.00,478.00,315.00
21/12/2017,405.00,475.00,475.00,370.00
22/12/2017,317.00,405.00,411.83,242.50
23/12/2017,339.50,317.00,380.00,312.22
24/12/2017,326.00,339.50,350.44,281.00
25/12/2017,330.28,326.00,350.00,312.00
26/12/2017,356.52,330.28,362.25,330.00
27/12/2017,374.00,356.52,409.30,342.14
28/12/2017,348.91,374.00,376.60,322.88
29/12/2017,350.00,348.91,367.61,334.84
30/12/2017,304.00,350.00,352.70,287.00
31/12/2017,331.83,304.00,340.13,299.25
01/01/2018,335.10,331.83,344.80,314.50
02/01/2018,364.17,335.10,370.48,335.10
03/01/2018,386.00,364.17,390.00,360.00
04/01/2018,368.10,386.00,387.83,353.06
05/01/2018,356.96,368.10,377.49,338.51
06/01/2018,394.00,356.96,395.99,349.25
07/01/2018,400.25,394.00,421.00,391.00
08/01/2018,400.05,400.25,409.37,338.85
09/01/2018,408.03,400.05,447.80,392.83
10/01/2018,403.44,408.03,416.29,362.18
11/01/2018,351.15,406.41,416.38,339.99
12/01/2018,387.24,353.02,390.22,338.05
13/01/2018,413.90,387.24,428.82,386.97
14/01/2018,393.64,413.90,434.18,370.00
15/01/2018,413.00,393.64,436.75,383.59
16/01/2018,308.56,413.00,417.00,255.00
17/01/2018,315.00,308.56,326.64,237.39
18/01/2018,306.13,315.00,341.14,296.37
19/01/2018,361.50,306.13,363.20,300.45
20/01/2018,383.99,361.50,406.00,351.00
21/01/2018,343.73,383.99,388.00,331.00
22/01/2018,314.00,343.73,355.00,285.00
23/01/2018,306.79,314.00,321.91,284.00
24/01/2018,318.60,306.79,326.26,297.72
25/01/2018,315.61,318.60,328.00,305.10
26/01/2018,324.00,315.61,328.91,288.11
27/01/2018,325.94,324.00,334.72,308.00
28/01/2018,332.99,325.94,341.25,321.01
29/01/2018,314.00,332.99,339.71,310.51
30/01/2018,275.92,315.12,316.47,268.21
31/01/2018,274.67,275.92,284.23,266.31
01/02/2018,241.98,274.28,278.80,230.52
02/02/2018,236.98,242.01,252.01,189.39
03/02/2018,252.69,236.98,258.89,215.91
04/02/2018,219.87,252.68,258.55,214.47
05/02/2018,180.52,219.87,222.88,166.78
06/02/2018,209.20,180.53,213.29,150.14
07/02/2018,205.71,209.20,231.96,190.83
08/02/2018,247.97,206.71,255.28,206.66
09/02/2018,258.17,247.97,258.75,233.09
10/02/2018,247.07,258.05,269.50,240.63
11/02/2018,227.67,247.07,247.16,217.12
12/02/2018,247.34,227.67,251.53,227.56
13/02/2018,233.54,247.34,248.61,229.11
14/02/2018,274.20,233.54,274.80,233.52
15/02/2018,295.73,274.69,300.89,262.51
16/02/2018,293.12,295.72,297.95,275.43
17/02/2018,320.59,292.98,330.71,290.18
18/02/2018,295.34,320.59,321.87,287.34
19/02/2018,314.46,295.70,317.89,293.34
20/02/2018,301.97,314.41,319.88,300.90
21/02/2018,308.05,301.78,330.43,284.32
22/02/2018,274.88,308.06,317.98,273.73
23/02/2018,279.45,274.89,295.17,263.62
24/02/2018,268.53,279.46,289.60,259.88
25/02/2018,278.09,268.49,280.34,263.69
26/02/2018,291.17,278.08,296.97,267.97
27/02/2018,300.86,291.37,308.13,285.52
28/02/2018,286.10,300.86,306.97,285.36
01/03/2018,313.49,286.10,315.41,284.67
02/03/2018,343.37,313.48,351.56,308.15
03/03/2018,350.03,343.38,373.59,342.24
04/03/2018,368.22,350.02,369.54,336.24
05/03/2018,371.65,368.23,380.11,355.58
06/03/2018,343.37,371.17,371.37,338.65
07/03/2018,337.04,343.37,363.28,317.68
08/03/2018,276.11,337.25,337.26,274.20
09/03/2018,285.55,276.00,285.55,241.57
10/03/2018,254.74,285.62,294.12,252.22
11/03/2018,280.32,254.72,285.91,244.94
12/03/2018,257.91,280.33,286.74,249.61
13/03/2018,247.52,258.35,266.41,244.92
14/03/2018,215.43,247.55,251.75,206.87
15/03/2018,212.32,215.25,226.11,198.47
16/03/2018,215.92,212.32,222.75,203.37
17/03/2018,197.45,215.92,216.88,193.71
18/03/2018,209.79,197.42,209.92,175.66
19/03/2018,217.99,209.43,223.16,201.85
20/03/2018,223.75,217.95,234.18,206.24
21/03/2018,218.33,223.75,235.48,214.07
22/03/2018,212.59,218.36,224.35,203.64
23/03/2018,215.96,212.59,216.53,199.03
24/03/2018,208.36,215.98,217.37,208.02
25/03/2018,212.28,208.37,215.28,203.70
26/03/2018,196.91,212.28,213.46,188.44
27/03/2018,188.12,196.97,198.85,184.82
28/03/2018,199.48,188.12,202.11,186.43
29/03/2018,176.86,199.48,201.53,175.04
30/03/2018,172.76,176.87,181.79,163.91
31/03/2018,180.73,172.75,183.23,172.39
01/04/2018,176.56,180.72,184.22,165.89
02/04/2018,178.64,176.49,182.89,175.86
03/04/2018,189.69,178.64,192.20,178.59
04/04/2018,170.90,189.69,190.39,169.81
05/04/2018,173.46,170.89,175.85,166.04
06/04/2018,163.26,173.47,176.95,162.96
07/04/2018,171.25,163.26,174.65,163.18
08/04/2018,175.76,171.25,176.07,171.13
09/04/2018,167.87,175.79,180.95,164.70
10/04/2018,168.29,167.87,169.50,165.39
11/04/2018,170.18,168.21,170.97,165.70
12/04/2018,193.00,170.15,194.86,166.90
13/04/2018,189.40,193.03,202.44,186.42
14/04/2018,192.02,189.41,198.29,188.67
15/04/2018,201.73,192.11,206.12,192.10
16/04/2018,195.74,201.73,204.25,190.11
17/04/2018,196.87,195.74,204.04,195.15
18/04/2018,229.43,196.88,233.81,196.53
19/04/2018,238.49,229.47,239.11,226.24
20/04/2018,273.02,238.49,273.02,238.49
21/04/2018,257.08,272.90,273.03,238.88
22/04/2018,270.39,257.03,284.70,249.81
23/04/2018,284.01,270.39,287.70,269.78
24/04/2018,293.23,284.04,298.54,280.36
25/04/2018,256.80,292.44,292.50,247.18
26/04/2018,267.82,256.86,276.35,249.14
27/04/2018,250.87,267.44,268.00,250.49
28/04/2018,261.26,250.87,264.97,250.23
29/04/2018,256.01,261.26,263.89,242.44
30/04/2018,241.47,256.00,259.21,237.92
01/05/2018,239.49,241.47,241.95,228.55
02/05/2018,249.81,239.49,253.13,238.17
03/05/2018,246.10,249.73,258.06,242.22
04/05/2018,242.01,246.11,249.29,237.90
05/05/2018,241.51,242.00,247.38,239.71
06/05/2018,235.49,241.38,243.09,231.85
07/05/2018,235.03,235.48,236.09,221.47
08/05/2018,223.01,232.62,233.32,220.11
09/05/2018,226.89,223.14,231.61,216.05
10/05/2018,217.12,226.94,233.50,216.68
11/05/2018,196.88,217.12,217.12,196.41
12/05/2018,201.86,197.15,205.56,190.93
13/05/2018,207.84,201.92,212.73,201.92
14/05/2018,212.82,207.84,217.58,196.37
15/05/2018,202.95,212.79,217.79,201.15
16/05/2018,198.93,202.95,203.38,192.43
17/05/2018,191.01,198.84,203.31,190.98
18/05/2018,203.64,190.82,212.88,186.44
19/05/2018,197.34,203.65,203.86,196.49
20/05/2018,203.70,197.33,205.51,196.26
21/05/2018,198.31,203.70,204.40,195.05
22/05/2018,175.34,198.34,198.71,175.34
23/05/2018,171.01,175.30,179.54,166.11
24/05/2018,171.42,171.09,177.44,161.01
25/05/2018,164.96,171.81,173.82,162.51
26/05/2018,165.03,165.02,169.08,163.15
27/05/2018,166.45,165.14,170.83,161.38
28/05/2018,149.43,166.54,168.49,149.37
29/05/2018,157.28,149.41,167.05,147.36
30/05/2018,155.33,157.29,161.14,152.84
31/05/2018,155.79,155.45,159.10,154.63
01/06/2018,157.64,155.71,158.55,153.29
02/06/2018,162.51,157.64,167.68,156.43
03/06/2018,168.91,162.41,177.51,162.31
04/06/2018,160.25,168.90,170.33,157.65
05/06/2018,167.13,160.26,169.15,157.44
06/06/2018,164.42,166.97,168.00,150.66
07/06/2018,164.10,164.42,171.75,163.10
08/06/2018,158.36,164.10,165.31,157.00
09/06/2018,154.54,158.35,159.98,154.45
10/06/2018,139.54,154.57,154.71,132.09
11/06/2018,137.95,139.72,140.24,132.25
12/06/2018,125.54,138.00,138.52,120.65
13/06/2018,121.88,125.57,126.72,113.06
14/06/2018,132.63,121.88,133.74,118.54
15/06/2018,122.17,132.63,133.33,122.03
16/06/2018,126.52,122.17,128.23,121.05
17/06/2018,123.83,126.50,126.97,123.30
18/06/2018,127.38,123.85,129.88,119.71
19/06/2018,126.40,127.42,130.96,124.54
20/06/2018,122.82,126.44,126.44,119.98
21/06/2018,124.01,122.85,124.39,121.68
22/06/2018,110.86,123.92,124.23,107.76
23/06/2018,115.68,110.86,119.95,110.56
24/06/2018,121.90,115.76,125.67,108.57
25/06/2018,127.27,121.90,130.15,121.10
26/06/2018,121.13,127.35,130.86,120.85
27/06/2018,129.04,121.10,131.19,120.04
28/06/2018,117.17,129.17,135.03,114.82
29/06/2018,127.40,117.16,128.56,115.82
30/06/2018,131.44,127.45,135.78,127.38
01/07/2018,130.92,131.51,131.51,126.14
02/07/2018,141.09,130.97,143.82,128.96
03/07/2018,139.05,141.09,144.57,139.05
04/07/2018,139.49,139.05,146.38,135.31
05/07/2018,139.21,139.50,142.28,134.74
06/07/2018,134.97,139.21,139.53,131.65
07/07/2018,135.51,134.98,136.02,131.52
08/07/2018,138.65,135.51,140.09,134.58
09/07/2018,136.66,138.63,142.60,136.25
10/07/2018,122.04,136.66,138.26,121.73
11/07/2018,126.09,122.04,130.59,122.02
12/07/2018,120.66,126.17,126.86,117.53
13/07/2018,122.06,120.86,125.09,119.54
14/07/2018,122.96,122.03,124.21,120.96
15/07/2018,123.94,122.96,125.99,121.24
16/07/2018,135.42,123.94,135.67,122.92
17/07/2018,143.65,135.42,148.26,134.82
18/07/2018,139.70,143.65,149.52,137.87
19/07/2018,139.74,139.70,143.73,138.18
20/07/2018,130.08,139.76,139.76,128.69
21/07/2018,132.36,130.08,132.94,127.38
22/07/2018,128.44,132.36,133.79,128.19
23/07/2018,133.40,128.41,142.89,128.14
24/07/2018,147.87,133.40,148.65,133.06
25/07/2018,143.11,147.85,149.09,138.43
26/07/2018,136.68,143.11,144.96,135.86
27/07/2018,140.23,136.84,142.43,135.01
28/07/2018,139.71,140.21,141.68,138.33
29/07/2018,135.80,139.71,141.50,134.79
30/07/2018,131.92,135.80,136.44,128.88
31/07/2018,122.22,131.90,134.36,121.24
01/08/2018,128.24,122.22,130.23,119.63
02/08/2018,122.36,128.24,130.64,120.69
03/08/2018,120.11,122.38,122.50,114.99
04/08/2018,114.10,120.11,121.35,113.44
05/08/2018,117.34,114.09,117.75,111.74
06/08/2018,113.38,117.34,119.87,112.38
07/08/2018,107.84,113.38,118.06,107.60
08/08/2018,94.30,107.82,107.84,93.04
09/08/2018,100.32,94.56,102.08,94.56
10/08/2018,91.46,100.34,100.96,90.17
11/08/2018,92.92,91.53,97.04,87.32
12/08/2018,93.13,92.92,95.45,91.54
13/08/2018,87.76,93.13,97.13,87.73
14/08/2018,84.02,87.76,87.76,77.71
15/08/2018,89.28,84.02,93.95,83.94
16/08/2018,91.07,89.28,92.79,88.65
17/08/2018,99.28,91.07,101.46,90.63
18/08/2018,98.03,99.28,104.90,93.87
19/08/2018,98.48,98.04,98.82,94.56
20/08/2018,92.69,98.48,102.43,92.69
21/08/2018,94.78,92.69,96.51,91.82
22/08/2018,89.77,94.77,98.65,87.74
23/08/2018,89.98,89.77,91.38,88.63
24/08/2018,93.53,89.97,94.04,88.54
25/08/2018,92.50,93.53,96.46,91.95
26/08/2018,94.75,92.50,94.87,90.17
27/08/2018,105.11,94.73,105.51,93.35
28/08/2018,107.58,105.10,107.94,102.29
29/08/2018,103.55,107.58,108.45,100.77
30/08/2018,103.06,103.55,106.32,97.14
31/08/2018,116.35,103.06,118.10,102.73
01/09/2018,120.90,116.35,124.53,115.46
02/09/2018,120.30,120.90,125.51,116.40
03/09/2018,134.96,120.30,135.98,119.00
04/09/2018,138.12,134.96,140.20,134.58
05/09/2018,114.33,138.11,140.02,113.41
06/09/2018,117.22,114.33,118.01,108.26
07/09/2018,110.77,117.29,119.52,110.18
08/09/2018,103.83,110.77,114.17,101.47
09/09/2018,105.22,103.83,110.44,100.48
10/09/2018,105.43,105.27,109.10,103.76
11/09/2018,105.09,105.44,108.83,100.73
12/09/2018,104.19,105.07,105.48,96.85
13/09/2018,111.87,104.19,116.21,104.19
14/09/2018,116.70,111.87,117.26,109.18
15/09/2018,119.22,116.68,121.90,115.88
16/09/2018,117.04,119.16,119.16,113.06
17/09/2018,106.06,117.05,120.14,106.01
18/09/2018,112.09,105.98,112.90,103.52
19/09/2018,109.47,112.09,112.56,104.84
20/09/2018,115.81,109.42,116.18,109.39
21/09/2018,124.17,115.81,124.67,115.66
22/09/2018,122.33,124.17,125.70,118.75
23/09/2018,122.62,122.33,128.13,120.60
24/09/2018,115.03,122.53,123.31,114.40
25/09/2018,116.60,115.03,116.60,111.18
26/09/2018,115.09,116.60,117.56,112.37
27/09/2018,119.14,115.13,121.37,112.33
28/09/2018,116.96,119.19,122.12,115.30
29/09/2018,114.44,116.97,120.14,110.54
30/09/2018,115.76,114.44,116.93,113.79
01/10/2018,114.44,115.77,117.48,112.82
02/10/2018,116.75,114.44,120.26,112.24
03/10/2018,114.47,116.80,117.65,107.87
04/10/2018,114.68,114.47,118.75,113.55
05/10/2018,115.37,114.72,115.93,113.32
06/10/2018,114.87,115.37,115.64,113.34
07/10/2018,113.73,114.87,115.21,112.49
08/10/2018,114.28,113.75,115.60,112.91
09/10/2018,113.69,114.28,114.88,113.21
10/10/2018,114.46,113.77,114.63,111.58
11/10/2018,100.70,114.46,114.64,100.62
12/10/2018,101.74,100.66,104.79,100.30
13/10/2018,103.51,101.98,103.97,101.85
14/10/2018,101.05,103.88,104.28,100.93
15/10/2018,108.99,101.05,118.14,100.88
16/10/2018,110.25,109.70,111.23,108.08
17/10/2018,109.06,110.25,111.05,107.71
18/10/2018,105.07,109.41,109.95,103.92
19/10/2018,105.49,105.07,107.67,104.89
20/10/2018,105.89,105.49,107.29,105.28
21/10/2018,106.66,106.16,108.23,106.06
22/10/2018,107.49,106.89,107.61,105.95
23/10/2018,109.60,107.49,111.84,107.49
24/10/2018,108.12,109.60,110.60,108.02
25/10/2018,107.80,108.26,108.31,106.64
26/10/2018,106.05,107.85,108.04,105.79
27/10/2018,104.49,106.10,106.11,104.30
28/10/2018,105.31,104.49,105.66,102.74
29/10/2018,101.86,105.33,105.37,101.32
30/10/2018,101.79,101.85,103.02,101.03
31/10/2018,104.99,101.79,106.26,100.95
01/11/2018,104.81,104.99,105.45,103.07
02/11/2018,106.58,104.81,107.06,104.36
03/11/2018,107.12,106.60,107.90,104.91
04/11/2018,112.69,107.12,113.37,105.83
05/11/2018,112.08,112.69,113.40,109.86
06/11/2018,113.60,112.08,114.19,111.10
07/11/2018,111.93,113.60,114.39,110.02
08/11/2018,108.98,111.94,112.60,108.86
09/11/2018,107.37,108.98,109.31,105.87
10/11/2018,105.47,107.37,107.70,105.20
11/11/2018,107.19,105.47,107.25,102.92
12/11/2018,106.27,107.39,107.86,105.98
13/11/2018,106.22,106.27,107.52,105.37
14/11/2018,92.42,106.45,106.51,88.44
15/11/2018,89.86,92.42,94.82,82.05
16/11/2018,87.94,89.86,90.23,87.43
17/11/2018,89.16,87.95,89.34,86.01
18/11/2018,89.89,89.37,92.85,88.80
19/11/2018,73.11,89.89,90.22,72.95
20/11/2018,67.77,73.75,75.96,64.51
21/11/2018,69.53,67.77,71.61,65.64
22/11/2018,66.06,69.52,71.63,66.00
23/11/2018,67.65,66.06,67.87,63.34
24/11/2018,58.95,67.65,70.00,58.81
25/11/2018,58.78,59.36,60.23,53.88
26/11/2018,53.87,58.78,60.81,52.70
27/11/2018,57.91,53.87,59.31,53.07
28/11/2018,63.74,57.91,65.97,57.91
29/11/2018,61.30,63.74,65.32,59.49
30/11/2018,58.28,61.30,62.50,56.23
01/12/2018,59.87,58.28,61.75,57.57
02/12/2018,59.17,59.87,62.48,58.24
03/12/2018,55.19,59.09,59.81,53.70
04/12/2018,57.06,55.19,59.56,54.19
05/12/2018,51.95,57.06,57.93,51.95
06/12/2018,46.51,51.96,53.86,46.36
07/12/2018,46.90,46.51,47.59,42.98
08/12/2018,45.20,46.90,49.56,43.06
09/12/2018,47.55,45.32,49.46,45.26
10/12/2018,44.28,47.55,48.48,43.77
11/12/2018,43.12,44.28,44.76,42.34
12/12/2018,44.19,42.95,46.22,42.89
13/12/2018,41.26,44.64,44.78,40.88
14/12/2018,39.08,41.54,43.22,38.72
15/12/2018,39.08,39.08,39.89,38.26
16/12/2018,39.69,39.39,41.32,39.29
17/12/2018,44.17,39.69,45.55,39.69
18/12/2018,47.25,44.17,48.46,43.50
19/12/2018,46.31,47.46,51.29,45.97
20/12/2018,55.59,46.31,55.84,46.18
21/12/2018,52.46,55.59,56.73,51.06
22/12/2018,52.35,52.46,53.42,50.44
23/12/2018,53.41,52.35,55.64,52.35
24/12/2018,56.35,53.40,59.01,53.40
25/12/2018,51.07,56.35,56.73,48.57
26/12/2018,49.66,51.22,53.05,47.42
27/12/2018,44.37,49.66,49.90,43.60
28/12/2018,50.18,44.37,52.07,44.15
29/12/2018,47.71,50.18,50.85,47.71
30/12/2018,49.02,47.71,49.29,47.59
31/12/2018,46.37,49.34,49.48,45.52
01/01/2019,48.67,46.37,48.74,45.92
02/01/2019,52.97,48.86,54.24,48.41
03/01/2019,50.03,52.97,53.38,49.98
04/01/2019,50.96,50.21,51.41,49.59
05/01/2019,50.02,50.96,52.14,49.93
06/01/2019,55.34,50.02,55.50,49.85
07/01/2019,53.36,55.34,56.07,53.13
08/01/2019,53.07,53.36,55.03,52.89
09/01/2019,52.56,53.07,54.84,51.96
10/01/2019,45.33,52.68,53.70,43.97
11/01/2019,45.61,45.40,46.80,44.97
12/01/2019,45.01,45.73,45.89,44.64
13/01/2019,42.84,45.01,45.34,42.48
14/01/2019,45.92,42.84,46.67,42.84
15/01/2019,44.80,45.92,46.73,44.08
16/01/2019,45.95,44.80,46.10,44.52
17/01/2019,45.61,45.95,46.32,44.58
18/01/2019,44.84,45.61,45.74,44.56
19/01/2019,46.08,44.84,46.77,44.84
20/01/2019,43.74,46.06,46.33,43.52
21/01/2019,44.29,43.74,44.59,43.48
22/01/2019,45.99,44.29,46.37,44.09
23/01/2019,44.89,45.99,46.17,44.70
24/01/2019,45.91,44.92,46.67,44.77
25/01/2019,46.98,45.97,47.15,45.25
26/01/2019,45.60,46.98,47.10,45.60
27/01/2019,46.38,45.61,46.47,45.13
28/01/2019,43.58,46.38,46.56,43.16
29/01/2019,43.20,43.58,43.94,42.66
30/01/2019,44.03,43.20,44.63,42.83
31/01/2019,43.51,44.03,44.55,43.23
01/02/2019,43.70,43.51,44.20,42.87
02/02/2019,43.50,43.73,43.86,41.85
03/02/2019,43.05,43.50,44.01,42.55
04/02/2019,42.81,43.05,43.13,42.28
05/02/2019,43.40,42.85,43.60,42.80
06/02/2019,43.25,43.40,43.83,42.44
07/02/2019,43.37,43.25,43.95,43.19
08/02/2019,48.31,43.37,50.04,43.37
09/02/2019,48.52,48.31,49.08,47.89
10/02/2019,49.75,48.52,49.77,46.96
11/02/2019,48.16,49.75,49.83,47.14
12/02/2019,48.81,48.16,49.26,47.42
13/02/2019,49.13,48.81,50.78,48.79
14/02/2019,46.82,49.13,49.59,45.97
15/02/2019,47.23,46.82,48.42,46.65
16/02/2019,46.74,47.36,48.45,46.74
17/02/2019,47.96,46.74,48.06,46.62
18/02/2019,51.42,47.96,52.13,47.87
19/02/2019,51.99,51.41,53.40,51.19
20/02/2019,51.86,51.99,52.73,50.67
21/02/2019,49.75,51.89,52.12,49.61
22/02/2019,51.63,49.77,51.74,49.77
23/02/2019,54.15,51.73,54.66,50.96
24/02/2019,47.79,54.21,55.94,47.78
25/02/2019,48.95,47.79,49.37,47.79
26/02/2019,48.05,49.00,49.02,47.86
27/02/2019,48.90,48.05,48.90,47.50
28/02/2019,48.02,48.90,49.25,48.00
01/03/2019,48.37,48.06,48.76,47.98
02/03/2019,48.52,48.37,48.68,47.83
03/03/2019,48.80,48.52,48.95,48.27
04/03/2019,47.28,48.80,49.29,46.30
05/03/2019,49.12,47.28,49.23,46.70
06/03/2019,49.44,49.12,49.47,48.39
07/03/2019,50.05,49.45,50.78,49.45
08/03/2019,48.88,50.05,50.23,48.25
09/03/2019,49.56,48.88,50.24,48.66
10/03/2019,49.58,49.56,49.73,49.06
11/03/2019,49.22,49.58,49.80,48.28
12/03/2019,50.07,49.24,50.07,48.25
13/03/2019,50.23,50.07,50.80,49.67
14/03/2019,50.81,50.23,51.73,49.56
15/03/2019,51.68,50.82,51.98,50.79
16/03/2019,53.18,51.68,54.02,51.67
17/03/2019,52.42,53.18,53.20,51.68
18/03/2019,51.78,52.42,53.06,51.43
19/03/2019,52.83,51.78,53.33,51.63
20/03/2019,54.15,52.83,54.24,52.16
21/03/2019,52.12,54.15,54.16,51.37
22/03/2019,52.72,52.12,53.02,51.88
23/03/2019,52.52,52.72,53.14,52.06
24/03/2019,52.28,52.52,52.71,51.89
25/03/2019,51.11,52.28,52.36,50.26
26/03/2019,51.65,51.11,51.89,49.92
27/03/2019,53.33,51.65,53.49,51.47
28/03/2019,52.64,53.33,53.33,52.32
29/03/2019,53.52,52.64,54.07,52.12
30/03/2019,53.37,53.52,53.96,52.76
31/03/2019,55.92,53.37,56.57,52.80
01/04/2019,59.87,55.92,59.89,55.72
02/04/2019,68.41,59.87,69.09,58.69
03/04/2019,63.70,68.41,69.37,61.33
04/04/2019,63.67,63.69,66.30,61.88
05/04/2019,68.98,63.67,68.98,63.55
06/04/2019,68.03,68.98,70.09,66.39
07/04/2019,69.66,68.03,69.95,67.77
08/04/2019,70.67,69.66,72.11,67.85
09/04/2019,67.94,70.67,70.72,67.37
10/04/2019,70.76,67.94,71.31,67.79
11/04/2019,66.07,70.76,70.94,62.14
12/04/2019,65.76,66.07,68.34,64.73
13/04/2019,64.93,65.76,66.46,63.55
14/04/2019,66.26,64.93,66.91,63.93
15/04/2019,64.05,66.26,66.79,63.41
16/04/2019,68.47,64.05,69.69,63.57
17/04/2019,67.17,68.43,69.38,66.56
18/04/2019,68.94,67.17,69.71,67.15
19/04/2019,68.23,68.93,69.31,67.26
20/04/2019,69.34,68.22,69.89,67.77
21/04/2019,68.31,69.34,69.76,66.95
22/04/2019,68.24,68.31,68.99,67.65
23/04/2019,68.59,68.25,70.53,67.73
24/04/2019,67.49,68.60,70.30,64.67
25/04/2019,61.41,67.49,67.49,61.41
26/04/2019,62.55,61.41,65.15,60.22
27/04/2019,63.15,62.52,64.41,62.19
28/04/2019,62.05,63.15,63.64,61.61
29/04/2019,61.14,62.05,62.50,60.42
30/04/2019,62.87,61.15,62.98,60.95
01/05/2019,65.87,62.87,65.91,62.87
02/05/2019,65.46,65.87,66.91,64.54
03/05/2019,67.73,65.46,69.04,65.05
04/05/2019,68.77,67.73,69.31,66.09
05/05/2019,66.82,68.77,69.42,66.23
06/05/2019,67.86,66.86,68.54,65.22
07/05/2019,66.68,67.86,71.37,66.55
08/05/2019,68.19,66.68,68.44,65.77
09/05/2019,65.66,68.19,69.25,64.47
10/05/2019,68.94,65.66,69.25,65.22
11/05/2019,78.73,68.97,81.51,68.97
12/05/2019,75.54,78.73,80.73,72.17
13/05/2019,79.29,75.54,82.03,74.72
14/05/2019,83.47,79.28,84.31,79.18
15/05/2019,93.93,83.44,94.78,82.84
16/05/2019,86.94,93.88,96.96,84.68
17/05/2019,82.64,86.94,87.17,76.85
18/05/2019,79.71,82.64,83.17,79.04
19/05/2019,90.14,79.71,90.42,79.52
20/05/2019,87.30,90.14,90.14,84.24
21/05/2019,88.83,87.26,92.35,87.25
22/05/2019,83.15,88.73,91.13,83.11
23/05/2019,84.48,83.15,85.09,80.78
24/05/2019,85.28,84.49,86.75,83.41
25/05/2019,86.82,85.28,87.19,85.16
26/05/2019,91.54,86.77,92.29,85.13
27/05/2019,97.73,91.54,98.63,91.44
28/05/2019,95.75,97.73,98.36,95.46
29/05/2019,93.96,95.75,95.77,90.44
30/05/2019,91.87,93.96,98.67,88.49
31/05/2019,93.10,91.87,93.34,89.23
01/06/2019,92.60,93.10,93.71,91.02
02/06/2019,94.83,92.58,95.98,92.44
03/06/2019,89.08,94.84,95.66,88.94
04/06/2019,83.32,89.07,89.09,81.34
05/06/2019,84.76,83.31,86.69,82.95
06/06/2019,86.65,84.76,87.06,83.11
07/06/2019,87.75,86.65,89.32,85.27
08/06/2019,87.15,87.77,88.32,85.91
09/06/2019,83.44,87.14,87.69,82.06
10/06/2019,86.58,83.44,87.12,82.42
11/06/2019,86.29,86.59,87.39,85.10
12/06/2019,90.08,86.29,90.10,85.43
13/06/2019,89.42,90.08,91.78,89.16
14/06/2019,90.29,89.42,90.56,87.22
15/06/2019,94.59,90.29,94.85,89.81
16/06/2019,95.74,94.60,97.47,93.92
17/06/2019,98.26,95.74,99.47,95.69
18/06/2019,96.33,98.26,98.78,95.14
19/06/2019,100.23,96.33,102.18,95.98
20/06/2019,104.98,100.23,108.30,99.86
21/06/2019,109.55,104.98,110.07,104.96
22/06/2019,115.23,109.66,118.80,108.61
23/06/2019,115.78,115.22,121.08,114.24
24/06/2019,117.80,115.78,119.78,112.74
25/06/2019,112.32,117.81,118.11,111.79
26/06/2019,104.45,112.32,113.35,101.51
27/06/2019,95.36,104.45,105.84,89.37
28/06/2019,101.93,95.43,102.38,94.18
29/06/2019,100.01,101.93,101.93,93.63
30/06/2019,88.60,100.01,100.87,88.14
01/07/2019,88.88,88.62,94.60,84.64
02/07/2019,86.29,88.89,89.41,82.53
03/07/2019,89.55,86.33,91.69,85.78
04/07/2019,87.99,89.56,92.72,87.22
05/07/2019,89.31,87.96,92.51,86.20
06/07/2019,94.36,89.31,98.86,89.23
07/07/2019,106.86,94.38,106.99,93.13
08/07/2019,101.42,106.86,107.25,100.39
09/07/2019,99.49,101.42,104.46,97.56
10/07/2019,94.83,99.47,101.93,92.48
11/07/2019,89.38,94.83,94.86,87.43
12/07/2019,97.96,89.41,98.03,86.23
13/07/2019,93.99,97.96,98.03,89.24
14/07/2019,86.26,94.01,94.83,85.31
15/07/2019,89.04,86.22,90.49,76.31
16/07/2019,74.28,89.00,89.31,73.57
17/07/2019,76.70,74.29,80.46,71.80
18/07/2019,83.92,76.71,85.45,75.15
19/07/2019,82.16,83.90,84.46,80.51
20/07/2019,85.17,82.18,87.66,81.65
21/07/2019,84.19,85.17,88.04,83.25
22/07/2019,83.58,84.21,85.43,81.59
23/07/2019,81.20,83.56,83.91,80.30
24/07/2019,80.56,81.20,82.23,78.67
25/07/2019,80.90,80.55,83.67,80.31
26/07/2019,80.31,80.90,81.28,78.69
27/07/2019,78.83,80.30,83.04,77.46
28/07/2019,80.28,78.83,83.49,77.60
29/07/2019,78.20,80.29,81.61,77.94
30/07/2019,78.22,78.16,80.73,77.65
31/07/2019,80.64,78.21,82.69,78.01
01/08/2019,82.05,80.63,82.65,79.90
02/08/2019,84.04,81.94,85.21,81.62
03/08/2019,87.97,84.04,88.11,83.96
04/08/2019,87.81,87.96,88.66,85.58
05/08/2019,93.55,87.81,94.77,87.80
06/08/2019,89.71,93.55,96.61,88.18
07/08/2019,97.41,89.79,97.61,88.97
08/08/2019,95.90,97.37,97.72,91.48
09/08/2019,93.42,95.90,96.06,90.89
10/08/2019,90.65,93.42,94.84,90.53
11/08/2019,92.51,90.63,92.65,89.58
12/08/2019,91.21,92.37,92.54,90.05
13/08/2019,85.70,91.19,91.75,85.01
14/08/2019,78.89,85.75,85.79,78.15
15/08/2019,82.48,78.89,82.64,74.54
16/08/2019,82.19,82.47,83.37,77.97
17/08/2019,81.81,82.19,83.59,80.98
18/08/2019,87.61,81.79,87.84,81.60
19/08/2019,89.43,87.61,90.65,84.34
20/08/2019,85.65,89.45,90.94,84.31
21/08/2019,80.89,85.81,86.39,79.14
22/08/2019,81.97,80.92,83.20,78.54
23/08/2019,81.97,81.97,83.43,80.98
24/08/2019,80.56,81.97,82.11,78.60
25/08/2019,80.50,80.57,82.38,79.04
26/08/2019,79.95,80.50,83.91,78.96
27/08/2019,78.58,79.95,79.95,77.66
28/08/2019,72.17,78.58,79.69,71.91
29/08/2019,66.93,72.12,72.20,66.83
30/08/2019,67.80,66.90,68.23,65.71
31/08/2019,67.28,67.80,68.40,66.22
01/09/2019,71.49,67.29,74.70,66.73
02/09/2019,73.22,71.50,74.17,69.79
03/09/2019,74.70,73.20,75.72,73.09
04/09/2019,73.85,74.71,75.06,71.56
05/09/2019,75.85,73.91,76.38,73.43
06/09/2019,75.18,75.85,79.70,74.99
07/09/2019,77.97,75.18,78.61,73.84
08/09/2019,77.12,77.94,79.12,75.72
09/09/2019,74.89,77.12,77.54,74.12
10/09/2019,72.28,74.89,76.15,71.52
11/09/2019,74.13,72.27,74.26,69.56
12/09/2019,74.92,74.11,75.48,71.63
13/09/2019,76.81,74.92,76.96,72.71
14/09/2019,75.96,76.71,76.95,73.67
15/09/2019,75.57,75.98,76.47,73.97
16/09/2019,75.35,75.59,76.33,71.28
17/09/2019,73.92,75.28,75.57,73.07
18/09/2019,80.87,73.86,82.13,73.75
19/09/2019,75.99,80.87,81.47,72.71
20/09/2019,73.82,75.99,78.05,72.54
21/09/2019,72.54,73.82,73.86,72.13
22/09/2019,72.92,72.46,74.17,70.80
23/09/2019,68.60,72.91,73.15,68.16
24/09/2019,58.60,68.60,70.19,56.11
25/09/2019,59.71,58.67,61.24,57.45
26/09/2019,57.22,59.69,60.03,54.49
27/09/2019,57.45,57.20,59.24,55.23
28/09/2019,57.69,57.42,58.35,56.04
29/09/2019,55.75,57.73,57.80,54.42
30/09/2019,56.64,55.74,57.27,53.28
01/10/2019,55.39,56.64,57.99,55.30
02/10/2019,55.85,55.47,56.67,54.19
03/10/2019,56.06,55.84,57.13,53.99
04/10/2019,57.09,56.06,57.66,53.86
05/10/2019,56.32,57.09,57.48,55.12
06/10/2019,54.65,56.34,56.55,54.10
07/10/2019,55.96,54.61,56.97,54.06
08/10/2019,55.34,55.95,56.86,54.81
09/10/2019,56.98,55.34,57.38,54.74
10/10/2019,55.55,56.98,57.35,54.85
11/10/2019,53.76,55.55,56.47,53.68
12/10/2019,53.57,53.76,54.71,53.17
13/10/2019,53.17,53.57,53.95,52.26
14/10/2019,52.86,53.17,53.46,52.23
15/10/2019,51.91,52.86,53.82,51.53
16/10/2019,54.67,51.91,55.14,51.57
17/10/2019,55.91,54.67,60.46,54.39
18/10/2019,55.14,55.91,58.27,55.13
19/10/2019,54.27,55.14,55.14,53.32
20/10/2019,56.23,54.30,57.16,53.50
21/10/2019,57.41,56.23,59.25,55.50
22/10/2019,56.46,57.41,58.55,55.74
23/10/2019,53.02,56.49,57.20,51.92
24/10/2019,53.36,53.02,54.29,50.94
25/10/2019,58.87,53.36,59.74,52.17
26/10/2019,56.55,58.88,64.74,55.16
27/10/2019,59.44,56.55,61.08,55.42
28/10/2019,59.23,59.44,61.51,58.41
29/10/2019,59.42,59.07,63.12,58.93
30/10/2019,58.27,59.42,59.58,57.11
31/10/2019,58.91,58.33,59.97,56.90
01/11/2019,60.52,58.91,61.18,58.24
02/11/2019,62.09,60.59,63.05,60.33
03/11/2019,63.26,62.16,65.03,60.88
04/11/2019,62.82,63.14,63.93,62.19
05/11/2019,62.59,62.81,63.65,61.75
06/11/2019,63.77,62.59,64.44,62.34
07/11/2019,63.14,63.75,66.44,62.66
08/11/2019,60.77,63.15,63.65,59.85
09/11/2019,61.79,60.77,62.36,60.55
10/11/2019,63.83,61.77,64.39,61.64
11/11/2019,61.56,63.85,63.95,60.95
12/11/2019,62.15,61.57,65.53,61.46
13/11/2019,65.04,62.18,65.49,61.57
14/11/2019,64.93,65.04,65.64,63.74
15/11/2019,61.71,64.89,65.70,61.65
16/11/2019,61.39,61.68,62.74,60.96
17/11/2019,61.52,61.39,62.84,61.26
18/11/2019,58.28,61.51,61.94,57.86
19/11/2019,58.49,58.26,59.69,57.72
20/11/2019,58.01,58.48,59.20,57.57
21/11/2019,54.16,58.01,58.66,53.29
22/11/2019,51.07,54.16,54.93,47.89
23/11/2019,51.42,51.07,51.95,49.96
24/11/2019,47.47,51.42,51.77,47.38
25/11/2019,49.98,47.46,52.38,45.80
26/11/2019,51.22,49.98,52.10,49.48
27/11/2019,55.79,51.23,57.07,49.95
28/11/2019,53.97,55.79,56.46,53.60
29/11/2019,55.84,53.98,56.12,53.84
30/11/2019,54.92,55.84,56.05,53.82
01/12/2019,53.63,54.92,54.93,52.57
02/12/2019,53.95,53.65,54.49,52.48
03/12/2019,53.30,53.95,55.45,53.21
04/12/2019,52.60,53.30,56.23,51.76
05/12/2019,53.72,52.60,54.23,51.98
06/12/2019,54.03,53.72,55.64,53.48
07/12/2019,54.29,54.03,54.98,53.35
08/12/2019,53.64,54.29,54.73,53.46
09/12/2019,54.41,53.64,54.43,52.98
10/12/2019,52.70,54.41,54.69,52.19
11/12/2019,52.83,52.71,53.54,52.50
12/12/2019,52.84,52.84,53.77,52.06
13/12/2019,52.41,52.84,53.31,52.26
14/12/2019,51.25,52.41,52.64,50.88
15/12/2019,50.62,51.25,52.04,50.57
16/12/2019,49.16,50.62,51.08,48.48
17/12/2019,45.03,49.14,49.41,44.63
18/12/2019,47.66,45.03,49.03,43.83
19/12/2019,47.51,47.66,49.77,46.16
20/12/2019,46.84,47.50,47.63,46.48
21/12/2019,45.10,46.84,46.84,44.88
22/12/2019,47.16,45.12,47.96,44.98
23/12/2019,47.09,47.16,48.64,46.95
24/12/2019,45.84,47.09,47.93,45.65
25/12/2019,46.14,45.84,46.79,45.09
26/12/2019,45.39,46.11,46.43,44.88
27/12/2019,45.01,45.38,46.08,44.53
28/12/2019,45.58,45.01,45.84,44.93
29/12/2019,46.62,45.55,47.08,45.23
30/12/2019,46.24,46.62,46.72,45.79
31/12/2019,44.56,46.24,46.26,44.51
01/01/2020,45.77,44.56,45.98,44.49
02/01/2020,45.49,45.77,46.27,44.30
03/01/2020,50.82,45.49,51.75,45.40
04/01/2020,50.45,50.83,51.47,49.77
05/01/2020,53.68,50.45,54.28,50.38
06/01/2020,58.98,53.68,59.13,53.65
07/01/2020,58.56,58.99,60.07,55.47
08/01/2020,59.32,58.54,60.01,55.60
09/01/2020,58.84,59.31,59.44,56.85
10/01/2020,58.43,58.85,59.60,56.89
11/01/2020,58.32,58.42,64.07,58.03
12/01/2020,59.21,58.32,59.96,57.44
13/01/2020,57.89,59.21,59.22,56.84
14/01/2020,62.67,57.88,62.92,57.77
15/01/2020,68.40,62.67,69.16,61.91
16/01/2020,65.75,68.39,68.84,62.65
17/01/2020,68.95,65.75,71.85,64.16
18/01/2020,67.11,68.95,70.87,66.23
19/01/2020,65.22,67.11,69.04,62.86
20/01/2020,64.99,65.23,66.55,62.32
21/01/2020,65.99,64.99,66.80,64.36
22/01/2020,65.04,66.00,66.48,64.38
23/01/2020,62.60,65.04,65.14,61.25
24/01/2020,61.55,62.61,62.77,58.18
25/01/2020,61.49,61.53,62.52,59.99
26/01/2020,63.88,61.50,64.50,61.01
27/01/2020,65.56,63.88,66.27,63.61
28/01/2020,67.71,65.56,67.81,65.27
29/01/2020,69.92,67.71,70.73,67.53
30/01/2020,74.86,69.94,74.89,68.49
31/01/2020,72.09,74.86,75.89,69.53
01/02/2020,73.22,72.10,73.86,71.46
02/02/2020,74.90,73.22,77.78,71.32
03/02/2020,76.86,74.91,77.96,74.42
04/02/2020,75.23,76.85,77.19,75.23
05/02/2020,77.80,75.22,79.17,74.56
06/02/2020,78.23,77.80,79.91,76.47
07/02/2020,79.55,78.23,80.76,78.19
08/02/2020,80.64,79.55,81.66,77.03
09/02/2020,87.70,80.64,87.81,80.57
10/02/2020,84.76,87.70,87.83,83.65
11/02/2020,90.23,84.75,90.38,82.69
12/02/2020,95.64,90.21,95.64,90.18
13/02/2020,92.72,95.64,96.53,90.32
14/02/2020,94.92,92.72,95.20,91.02
15/02/2020,89.09,94.92,96.92,87.12
16/02/2020,88.08,89.09,91.96,79.72
17/02/2020,82.49,88.08,89.07,79.64
18/02/2020,86.16,82.50,87.27,81.34
19/02/2020,77.84,86.16,86.91,76.72
20/02/2020,76.36,77.84,78.90,75.10
21/02/2020,80.31,76.36,82.29,75.89
22/02/2020,79.03,80.31,82.90,78.17
23/02/2020,85.33,79.02,85.54,78.82
24/02/2020,79.27,85.33,86.33,77.09
25/02/2020,76.65,79.27,81.76,75.68
26/02/2020,70.70,76.63,78.10,68.67
27/02/2020,70.16,70.70,72.63,66.88
28/02/2020,68.53,70.16,71.50,66.19
29/02/2020,66.12,68.51,69.20,66.12
01/03/2020,64.71,66.12,67.72,63.42
02/03/2020,68.90,64.71,69.27,64.35
03/03/2020,65.76,68.90,68.95,64.99
04/03/2020,65.57,65.77,67.95,64.79
05/03/2020,68.37,65.57,70.05,65.57
06/03/2020,69.03,68.36,69.66,67.51
07/03/2020,65.55,69.03,69.17,65.10
08/03/2020,56.06,65.55,65.55,55.75
09/03/2020,55.47,56.06,57.30,52.29
10/03/2020,54.94,55.47,56.77,53.83
11/03/2020,54.30,54.94,56.00,51.20
12/03/2020,32.11,54.29,54.43,30.89
13/03/2020,36.91,32.11,40.18,25.47
14/03/2020,36.15,36.86,39.89,35.52
15/03/2020,37.96,36.15,40.99,35.80
16/03/2020,34.02,37.96,38.44,29.34
17/03/2020,36.24,34.02,37.35,33.63
18/03/2020,36.97,36.23,37.17,34.02
19/03/2020,40.88,36.97,42.62,36.14
20/03/2020,40.33,40.88,45.19,36.62
21/03/2020,41.07,40.34,42.51,38.49
22/03/2020,38.25,41.07,42.46,37.84
23/03/2020,44.23,38.25,44.30,37.84
24/03/2020,47.04,44.22,47.47,43.22
25/03/2020,47.00,47.03,47.91,45.22
26/03/2020,50.08,46.95,50.82,46.94
27/03/2020,47.55,50.06,51.25,47.53
28/03/2020,47.03,47.55,48.14,44.99
29/03/2020,43.96,47.02,47.11,43.91
30/03/2020,46.40,43.96,47.51,43.78
31/03/2020,47.56,46.40,47.93,46.21
01/04/2020,48.28,47.57,48.43,46.15
02/04/2020,50.45,48.29,52.29,47.66
03/04/2020,52.92,50.44,54.24,50.05
04/04/2020,53.73,52.92,54.90,51.96
05/04/2020,53.16,53.73,53.97,52.48
06/04/2020,58.65,53.16,58.77,53.02
07/04/2020,55.77,58.66,59.97,55.22
08/04/2020,56.93,55.77,57.88,55.41
09/04/2020,57.67,56.93,58.81,55.54
10/04/2020,52.97,57.65,57.74,51.91
11/04/2020,52.95,52.98,54.31,51.75
12/04/2020,53.22,52.98,54.92,52.17
13/04/2020,52.63,53.22,53.28,50.77
14/04/2020,53.82,52.63,54.73,52.10
15/04/2020,52.55,53.79,54.56,52.51
16/04/2020,56.45,52.55,57.12,51.38
17/04/2020,55.63,56.43,56.88,55.42
18/04/2020,57.17,55.63,58.37,55.40
19/04/2020,56.53,57.17,58.10,55.88
20/04/2020,54.38,56.53,58.10,53.69
21/04/2020,54.52,54.39,55.05,53.45
22/04/2020,56.49,54.52,56.75,54.27
23/04/2020,58.37,56.49,60.74,55.66
24/04/2020,59.92,58.30,62.29,57.83
25/04/2020,60.01,59.92,61.38,59.16
26/04/2020,60.56,60.00,60.91,59.28
27/04/2020,61.65,60.56,61.81,60.44
28/04/2020,61.87,61.65,63.38,60.98
29/04/2020,65.96,61.86,66.50,61.23
30/04/2020,62.04,65.94,67.93,61.02
01/05/2020,63.39,62.04,64.68,61.97
02/05/2020,64.33,63.39,64.71,63.33
03/05/2020,62.30,64.32,64.70,61.83
04/05/2020,60.85,62.30,62.45,58.58
05/05/2020,60.19,60.85,61.71,59.65
06/05/2020,57.59,60.19,61.65,57.56
07/05/2020,64.33,57.59,64.44,57.24
08/05/2020,63.16,64.34,65.27,62.96
09/05/2020,62.94,63.14,64.59,62.64
10/05/2020,58.67,62.94,62.94,54.35
11/05/2020,59.22,58.67,61.51,55.85
12/05/2020,61.15,59.21,61.81,58.92
13/05/2020,64.73,61.15,65.90,61.04
14/05/2020,65.25,64.73,65.64,62.80
15/05/2020,62.72,65.25,65.73,62.47
16/05/2020,65.36,62.72,65.82,62.11
17/05/2020,65.07,65.36,67.16,64.71
18/05/2020,66.90,65.07,67.67,65.06
19/05/2020,66.69,66.90,67.56,65.09
20/05/2020,64.65,66.69,67.03,63.69
21/05/2020,61.60,64.66,65.04,60.10
22/05/2020,62.91,61.60,63.52,61.11
23/05/2020,63.46,62.92,64.96,62.63
24/05/2020,60.83,63.46,63.66,60.83
25/05/2020,61.47,60.83,62.39,60.16
26/05/2020,61.91,61.47,62.36,60.86
27/05/2020,64.40,61.91,65.53,61.46
28/05/2020,67.16,64.40,67.50,63.19
29/05/2020,66.04,67.16,67.80,65.84
30/05/2020,68.33,66.04,68.67,65.34
31/05/2020,65.00,68.33,68.57,64.24
01/06/2020,67.57,65.00,68.29,63.40
02/06/2020,66.64,67.57,70.11,63.89
03/06/2020,67.13,66.65,68.16,66.09
04/06/2020,68.10,67.13,68.72,65.68
05/06/2020,67.44,68.10,69.11,67.28
06/06/2020,67.66,67.44,68.07,66.97
07/06/2020,66.42,67.66,68.09,64.76
08/06/2020,68.24,66.42,68.28,66.31
09/06/2020,68.06,68.21,68.63,67.36
10/06/2020,69.65,68.06,69.72,67.40
11/06/2020,63.79,69.65,69.98,63.31
12/06/2020,65.66,63.79,66.46,63.09
13/06/2020,66.47,65.66,66.47,65.02
14/06/2020,65.49,66.47,66.48,64.66
15/06/2020,64.64,65.49,65.72,61.98
16/06/2020,66.00,64.64,66.02,64.31
17/06/2020,65.14,66.00,66.90,64.74
18/06/2020,64.93,65.14,65.82,64.34
19/06/2020,64.22,64.93,65.30,63.48
20/06/2020,64.13,64.22,64.51,63.52
21/06/2020,64.54,64.13,65.01,63.91
22/06/2020,66.06,64.54,66.85,64.44
23/06/2020,66.86,66.07,67.25,65.44
24/06/2020,64.91,66.84,67.36,64.08
25/06/2020,64.34,64.91,65.10,63.32
26/06/2020,64.04,64.34,64.57,63.09
27/06/2020,62.13,64.04,64.35,60.37
28/06/2020,63.42,62.13,63.62,61.84
29/06/2020,64.16,63.42,64.80,62.55
30/06/2020,63.62,64.16,64.59,63.33
01/07/2020,64.55,63.62,64.78,63.30
02/07/2020,65.25,64.55,66.66,62.64
03/07/2020,62.81,65.25,65.69,62.62
04/07/2020,64.19,62.81,64.79,62.62
05/07/2020,63.37,64.19,64.59,61.44
06/07/2020,64.95,63.37,64.97,62.80
07/07/2020,64.65,64.95,65.04,63.69
08/07/2020,66.27,64.65,67.41,64.22
09/07/2020,67.28,66.25,69.22,65.08
10/07/2020,67.32,67.28,68.36,65.24
11/07/2020,68.72,67.32,69.77,67.13
12/07/2020,69.30,68.72,70.22,68.10
13/07/2020,69.23,69.30,69.99,67.81
14/07/2020,67.89,69.22,69.23,66.90
15/07/2020,70.60,67.89,72.42,67.46
16/07/2020,67.68,70.60,71.53,66.63
17/07/2020,67.63,67.69,68.33,67.07
18/07/2020,68.37,67.63,69.17,67.06
19/07/2020,68.86,68.37,69.02,67.73
20/07/2020,69.33,68.86,70.28,68.77
21/07/2020,69.68,69.33,71.64,69.13
22/07/2020,71.42,69.68,71.51,69.32
23/07/2020,73.04,71.42,74.03,70.78
24/07/2020,71.65,73.04,73.04,71.37
25/07/2020,73.59,71.62,73.93,71.55
26/07/2020,78.14,73.59,78.16,73.14
27/07/2020,78.41,78.14,79.48,75.10
28/07/2020,81.22,78.41,83.25,78.38
29/07/2020,79.15,81.22,82.71,78.99
30/07/2020,80.99,79.15,82.54,78.50
31/07/2020,84.57,80.99,84.68,80.42
01/08/2020,89.64,84.57,90.03,83.44
02/08/2020,85.05,89.64,90.95,78.82
03/08/2020,89.03,85.05,89.63,84.09
04/08/2020,87.33,89.03,89.92,85.45
05/08/2020,90.37,87.35,90.64,86.12
06/08/2020,95.50,90.37,96.57,88.40
07/08/2020,93.97,95.50,95.52,90.66
08/08/2020,94.92,93.98,95.18,91.84
09/08/2020,92.99,94.92,94.96,92.35
10/08/2020,93.78,92.99,94.42,89.84
11/08/2020,87.37,93.78,94.83,84.46
12/08/2020,89.56,87.37,89.76,84.36
13/08/2020,91.88,89.56,92.10,86.33
14/08/2020,91.39,91.89,93.15,89.83
15/08/2020,89.86,91.41,91.57,89.37
16/08/2020,91.10,89.86,91.21,88.05
17/08/2020,93.41,91.10,95.01,89.52
18/08/2020,93.43,93.41,97.05,91.60
19/08/2020,91.27,93.43,94.33,88.96
20/08/2020,101.46,91.31,101.46,91.28
21/08/2020,92.17,101.47,105.82,92.10
22/08/2020,94.56,92.17,94.90,88.72
23/08/2020,91.28,94.54,94.83,90.62
24/08/2020,93.75,91.28,94.26,90.24
25/08/2020,88.50,93.75,93.89,85.80
26/08/2020,88.75,88.50,89.68,87.11
27/08/2020,89.40,88.75,90.41,85.74
28/08/2020,94.19,89.40,95.06,88.54
29/08/2020,92.54,94.19,95.52,92.21
30/08/2020,95.86,92.54,95.96,92.51
31/08/2020,93.05,95.86,96.23,93.03
01/09/2020,96.90,93.05,97.58,91.56
02/09/2020,91.03,96.90,97.31,88.02
03/09/2020,77.08,91.03,91.33,75.66
04/09/2020,82.06,77.08,83.33,76.36
05/09/2020,77.46,82.06,83.24,73.97
06/09/2020,79.91,77.47,80.90,75.08
07/09/2020,82.19,79.91,82.55,76.36
08/09/2020,83.60,82.19,84.33,78.45
09/09/2020,83.98,83.60,85.38,81.94
10/09/2020,85.07,83.98,85.88,83.49
11/09/2020,83.64,85.07,85.30,82.38
12/09/2020,86.07,83.63,86.41,82.55
13/09/2020,85.41,86.06,89.24,84.53
14/09/2020,90.70,85.41,91.20,83.75
15/09/2020,90.52,90.70,91.59,87.27
16/09/2020,87.82,90.52,92.02,86.84
17/09/2020,91.86,87.82,93.06,87.01
18/09/2020,91.52,91.87,93.79,90.42
19/09/2020,93.52,91.52,94.27,90.71
20/09/2020,91.58,93.52,93.83,89.85
21/09/2020,88.20,91.58,93.58,84.66
22/09/2020,91.76,88.19,94.69,86.17
23/09/2020,86.44,91.76,93.22,85.81
24/09/2020,91.43,86.44,91.81,86.05
25/09/2020,92.12,91.51,93.39,89.98
26/09/2020,94.23,92.13,95.04,91.67
27/09/2020,96.53,94.21,99.15,93.11
28/09/2020,94.38,96.53,98.08,94.08
29/09/2020,99.93,94.38,100.63,93.82
30/09/2020,108.05,99.93,109.50,97.32
01/10/2020,103.15,108.02,112.67,101.05
02/10/2020,101.09,103.17,104.60,93.13
03/10/2020,102.99,101.09,103.53,100.17
04/10/2020,104.97,103.03,108.59,100.90
05/10/2020,112.08,104.92,113.22,103.63
06/10/2020,105.64,112.08,113.38,104.47
07/10/2020,109.04,105.62,111.32,101.09
08/10/2020,110.46,109.05,111.52,106.49
09/10/2020,114.82,110.46,116.86,107.54
10/10/2020,114.88,114.83,117.59,114.15
11/10/2020,124.43,114.91,124.61,114.33
12/10/2020,127.67,124.43,133.64,123.63
13/10/2020,126.87,127.67,129.64,122.66
14/10/2020,126.69,126.92,132.26,123.45
15/10/2020,127.86,126.69,129.62,121.54
16/10/2020,117.73,127.86,129.21,113.15
17/10/2020,117.05,117.69,119.14,115.76
18/10/2020,120.71,117.06,120.74,115.74
19/10/2020,121.58,120.71,125.47,118.74
20/10/2020,115.27,121.58,124.13,114.42
21/10/2020,119.05,115.27,124.37,114.31
22/10/2020,124.70,119.05,126.63,116.95
23/10/2020,124.31,124.70,124.70,119.40
24/10/2020,126.09,124.32,126.95,122.92
25/10/2020,127.42,126.27,130.76,123.47
26/10/2020,128.35,127.42,135.74,126.18
27/10/2020,130.43,128.35,134.76,128.28
28/10/2020,123.17,130.43,132.05,121.16
29/10/2020,120.38,123.14,124.57,118.86
30/10/2020,120.23,120.43,121.35,114.71
31/10/2020,123.68,120.20,125.05,118.77
01/11/2020,123.14,123.68,123.87,119.92
02/11/2020,114.71,123.15,124.47,112.73
03/11/2020,116.75,114.71,117.01,111.07
04/11/2020,112.17,116.80,117.29,110.65
05/11/2020,113.58,112.10,114.86,105.43
06/11/2020,113.56,113.58,116.98,111.29
07/11/2020,105.90,113.50,119.60,104.48
08/11/2020,113.65,105.92,113.82,104.72
09/11/2020,112.31,113.72,115.55,108.16
10/11/2020,112.64,112.32,114.48,111.18
11/11/2020,109.66,112.64,114.41,109.64
12/11/2020,108.55,109.66,110.97,106.77
13/11/2020,110.52,108.58,111.68,108.14
14/11/2020,114.42,110.52,114.88,110.06
15/11/2020,111.94,114.50,115.26,110.45
16/11/2020,114.50,111.94,116.63,111.03
17/11/2020,121.87,114.53,121.98,114.12
18/11/2020,120.01,121.88,122.90,116.14
19/11/2020,116.82,120.01,120.03,113.87
20/11/2020,119.44,116.82,121.51,116.81
21/11/2020,127.44,119.44,128.57,118.52
22/11/2020,122.22,127.44,128.56,118.13
23/11/2020,128.56,122.22,129.67,121.24
24/11/2020,134.26,128.56,140.27,125.58
25/11/2020,128.25,134.26,137.42,125.35
26/11/2020,117.74,128.21,130.57,107.30
27/11/2020,116.10,117.74,120.21,110.77
28/11/2020,121.18,116.10,123.78,113.11
29/11/2020,123.26,121.28,125.08,118.55
30/11/2020,130.35,123.25,130.35,121.51
01/12/2020,125.61,130.37,132.54,121.05
02/12/2020,127.82,125.64,129.20,124.31
03/12/2020,133.12,127.89,133.57,126.32
04/12/2020,126.81,133.12,135.42,126.60
05/12/2020,133.38,126.81,133.38,124.33
06/12/2020,134.93,133.37,135.26,128.41
07/12/2020,138.79,134.93,144.05,134.15
08/12/2020,135.86,138.71,143.01,132.98
09/12/2020,132.49,135.86,135.86,127.26
10/12/2020,133.68,132.46,134.94,129.54
11/12/2020,141.29,133.61,142.23,129.96
12/12/2020,146.67,141.29,149.48,141.29
13/12/2020,152.06,146.61,152.06,143.93
14/12/2020,152.55,152.07,157.64,150.64
15/12/2020,150.68,152.55,155.60,150.65
16/12/2020,158.98,150.66,159.29,147.46
17/12/2020,160.38,158.98,163.32,154.43
18/12/2020,154.69,160.38,160.38,153.24
19/12/2020,154.78,154.60,157.99,153.86
20/12/2020,152.38,154.82,156.83,151.10
21/12/2020,145.81,152.38,153.47,142.67
22/12/2020,156.60,145.81,157.48,143.86
23/12/2020,150.84,156.55,168.92,148.37
24/12/2020,156.78,150.84,158.55,146.60
25/12/2020,159.15,156.76,160.87,152.69
26/12/2020,167.91,159.13,168.08,158.93
27/12/2020,156.94,167.94,171.00,156.23
28/12/2020,166.47,156.94,168.38,156.54
29/12/2020,161.59,166.51,167.28,155.24
30/12/2020,159.71,161.50,163.93,157.72
31/12/2020,156.42,159.68,161.31,155.43
01/01/2021,135.61,156.42,168.94,130.42
02/01/2021,143.31,135.60,144.68,128.59
03/01/2021,138.06,143.31,144.91,131.63
04/01/2021,133.56,138.12,143.96,128.39
05/01/2021,135.91,133.56,139.53,129.04
06/01/2021,142.16,135.91,142.22,132.65
07/01/2021,142.68,142.16,152.76,139.53
08/01/2021,142.12,142.70,150.20,135.60
09/01/2021,147.16,142.11,148.61,139.23
10/01/2021,185.17,147.16,189.80,147.15
11/01/2021,158.00,185.07,185.54,142.63
12/01/2021,158.59,157.99,173.75,153.99
13/01/2021,171.56,158.58,173.15,152.39
14/01/2021,163.63,171.49,171.86,160.93
15/01/2021,157.26,163.63,167.61,147.65
16/01/2021,155.62,157.24,161.87,152.75
17/01/2021,159.72,155.62,164.09,150.11
18/01/2021,156.86,159.80,160.62,150.62
19/01/2021,157.29,156.86,165.13,152.60
20/01/2021,152.94,157.27,160.66,146.33
21/01/2021,130.50,152.93,153.04,128.67
22/01/2021,135.88,130.50,140.90,122.23
23/01/2021,138.86,135.88,141.33,134.05
24/01/2021,138.07,138.90,142.72,134.40
25/01/2021,137.12,138.08,145.27,136.88
26/01/2021,137.89,137.10,140.50,133.37
27/01/2021,125.54,137.89,138.18,125.17
28/01/2021,135.44,125.54,139.85,123.76
29/01/2021,140.33,135.49,150.16,132.25
30/01/2021,139.36,140.31,142.08,136.47
31/01/2021,137.94,139.36,140.37,132.33
01/02/2021,143.46,137.93,146.13,135.71
02/02/2021,151.22,143.46,151.94,142.97
03/02/2021,154.77,151.22,155.08,151.06
04/02/2021,148.38,154.77,155.39,148.07
05/02/2021,155.35,148.38,155.39,147.63
06/02/2021,152.22,155.35,158.03,152.14
07/02/2021,150.57,152.22,155.91,147.47
08/02/2021,163.07,150.52,163.74,147.45
09/02/2021,169.37,163.07,174.39,158.44
10/02/2021,175.81,169.37,183.17,165.49
11/02/2021,190.36,175.78,192.08,170.88
12/02/2021,201.03,190.36,215.48,190.36
13/02/2021,241.51,201.02,253.93,198.12
14/02/2021,230.13,241.51,243.02,223.50
15/02/2021,228.17,230.00,233.99,203.67
16/02/2021,221.83,228.25,234.34,211.00
17/02/2021,271.81,221.83,273.69,221.24
18/02/2021,261.26,271.83,275.67,252.06
19/02/2021,282.00,261.17,283.48,252.76
20/02/2021,255.69,282.09,288.32,245.85
21/02/2021,247.18,255.68,260.69,243.83
22/02/2021,224.36,247.18,248.33,190.29
23/02/2021,220.92,224.36,225.46,171.39
24/02/2021,204.48,220.91,225.18,198.17
25/02/2021,197.06,204.54,218.39,196.26
26/02/2021,204.27,198.06,217.49,193.83
27/02/2021,209.17,204.27,223.03,203.85
28/02/2021,217.83,209.17,226.79,198.73
01/03/2021,230.23,218.31,230.23,210.04
02/03/2021,220.78,230.25,232.35,211.36
03/03/2021,219.13,220.33,228.82,216.03
04/03/2021,217.46,219.13,223.51,210.02
05/03/2021,205.94,217.46,217.47,202.94
06/03/2021,204.69,205.94,208.04,198.45
07/03/2021,208.76,204.61,210.03,202.50
08/03/2021,220.77,208.76,220.99,204.05
09/03/2021,224.92,220.91,228.71,218.31
10/03/2021,220.43,224.84,227.18,215.05
11/03/2021,221.24,220.08,225.78,212.88
12/03/2021,222.81,221.24,225.71,215.62
13/03/2021,238.99,222.79,238.99,218.13
14/03/2021,232.28,238.97,240.56,229.12
15/03/2021,222.03,232.27,237.60,215.56
16/03/2021,229.58,222.03,229.83,212.63
17/03/2021,236.26,229.58,236.69,225.71
18/03/2021,228.22,236.26,240.15,228.22
19/03/2021,231.29,228.18,235.59,224.08
20/03/2021,231.89,231.29,237.27,230.64
21/03/2021,231.77,231.89,236.86,225.93
22/03/2021,217.06,231.66,233.12,217.05
23/03/2021,217.92,216.82,224.84,211.69
24/03/2021,210.90,217.92,229.09,206.55
25/03/2021,214.25,210.75,221.34,204.90
26/03/2021,221.41,214.25,225.40,214.18
27/03/2021,221.04,221.41,223.51,214.03
28/03/2021,232.28,221.06,232.76,217.66
29/03/2021,234.43,232.30,241.76,230.83
30/03/2021,244.08,234.40,246.99,232.35
31/03/2021,246.13,244.08,263.28,242.40
01/04/2021,250.36,246.14,255.03,244.51
02/04/2021,257.65,250.32,260.94,249.01
03/04/2021,257.03,257.62,266.95,253.03
04/04/2021,263.58,257.03,272.50,247.18
05/04/2021,265.45,263.58,268.94,259.96
06/04/2021,270.33,265.47,277.13,261.84
07/04/2021,257.14,270.33,279.74,252.71
08/04/2021,269.41,257.29,271.71,251.39
09/04/2021,273.39,269.41,290.12,265.93
10/04/2021,292.21,273.35,298.70,273.35
11/04/2021,328.19,292.18,328.91,291.65
12/04/2021,314.72,328.78,344.02,314.72
13/04/2021,327.35,314.18,330.95,307.19
14/04/2021,320.76,327.35,330.71,308.74
15/04/2021,344.11,320.51,347.77,318.40
16/04/2021,340.53,344.23,347.14,313.64
17/04/2021,363.48,340.70,374.67,340.70
18/04/2021,338.44,363.72,375.40,286.99
19/04/2021,357.97,338.44,365.32,306.05
20/04/2021,405.49,357.97,414.34,328.09
21/04/2021,375.69,405.49,425.02,373.99
22/04/2021,347.59,375.65,390.54,344.53
23/04/2021,354.73,347.24,354.73,313.77
24/04/2021,381.60,354.45,396.62,338.84
25/04/2021,355.81,381.44,405.27,335.87
26/04/2021,405.12,356.16,405.12,342.46
27/04/2021,402.66,405.12,412.48,385.08
28/04/2021,413.67,402.34,439.47,400.27
29/04/2021,407.82,413.67,425.65,400.15
30/04/2021,422.70,408.11,423.55,403.73
01/05/2021,427.18,422.46,435.19,416.16
02/05/2021,405.52,427.30,427.92,401.04
03/05/2021,411.90,405.17,425.96,401.21
04/05/2021,383.20,411.81,412.20,383.20
05/05/2021,417.76,378.83,418.30,378.83
06/05/2021,423.07,417.76,436.44,404.96
07/05/2021,456.15,423.07,520.16,423.07
08/05/2021,476.89,456.03,488.59,452.47
09/05/2021,483.69,476.89,487.08,447.56
10/05/2021,441.59,483.69,497.21,424.21
11/05/2021,453.54,441.59,454.79,420.66
12/05/2021,392.45,453.54,478.03,391.22
13/05/2021,402.97,395.69,421.26,371.28
14/05/2021,413.65,402.97,422.92,398.27
15/05/2021,383.32,413.65,442.77,382.90
16/05/2021,391.90,383.33,405.45,372.97
17/05/2021,340.50,391.90,391.90,333.63
18/05/2021,342.37,340.46,361.58,327.23
19/05/2021,200.44,342.35,345.93,152.49
20/05/2021,282.22,199.75,290.94,183.28
21/05/2021,257.45,282.22,329.98,228.58
22/05/2021,231.95,257.45,263.04,223.38
23/05/2021,226.16,231.97,261.07,176.62
24/05/2021,255.82,226.16,256.55,214.89
25/05/2021,246.87,256.15,265.13,227.19
26/05/2021,268.40,246.87,271.44,243.22
27/05/2021,250.43,268.58,268.85,243.45
28/05/2021,262.48,250.43,266.36,219.15
29/05/2021,242.69,262.48,296.72,229.34
30/05/2021,261.92,242.86,267.62,226.32
31/05/2021,272.70,261.60,275.47,242.44
01/06/2021,265.95,272.61,275.73,253.03
02/06/2021,294.46,266.08,294.92,262.62
03/06/2021,308.96,294.46,315.58,286.00
04/06/2021,287.36,309.32,311.37,268.69
05/06/2021,264.12,287.27,294.99,257.52
06/06/2021,272.23,263.98,276.76,262.62
07/06/2021,249.03,272.23,281.01,247.25
08/06/2021,253.14,249.03,255.67,222.78
09/06/2021,274.50,253.14,275.13,237.35
10/06/2021,255.26,274.50,282.54,254.71
11/06/2021,242.80,255.26,258.28,240.50
12/06/2021,242.77,242.80,251.59,232.08
13/06/2021,261.12,242.77,261.87,237.87
14/06/2021,275.41,261.12,275.42,258.65
15/06/2021,279.50,275.40,285.37,272.38
16/06/2021,262.13,278.68,288.47,259.80
17/06/2021,276.90,262.13,281.44,261.96
18/06/2021,264.84,276.90,279.81,261.04
19/06/2021,268.42,264.84,281.76,263.46
20/06/2021,264.59,268.16,271.09,248.10
21/06/2021,203.54,264.48,265.59,200.31
22/06/2021,201.30,203.54,225.66,180.51
23/06/2021,218.51,201.33,223.76,193.11
24/06/2021,225.63,218.50,226.76,204.32
25/06/2021,195.89,225.63,227.51,192.92
26/06/2021,202.67,195.51,202.78,185.47
27/06/2021,211.50,202.67,211.84,195.48
28/06/2021,212.68,211.68,217.14,205.95
29/06/2021,217.06,212.90,227.04,212.45
30/06/2021,222.35,217.07,223.65,209.09
01/07/2021,206.08,222.83,223.15,203.38
02/07/2021,211.53,206.08,211.62,199.58
03/07/2021,215.21,211.53,216.29,206.89
04/07/2021,219.96,215.21,225.17,215.13
05/07/2021,214.31,219.96,220.39,205.73
06/07/2021,221.90,214.31,222.32,211.98
07/07/2021,215.28,221.90,231.39,214.37
08/07/2021,205.07,215.28,215.70,202.54
09/07/2021,212.68,205.06,214.75,199.88
10/07/2021,209.63,212.68,217.39,206.81
11/07/2021,211.61,209.63,214.70,207.91
12/07/2021,206.76,211.61,216.73,203.08
13/07/2021,203.48,206.76,211.50,200.39
14/07/2021,203.42,203.59,204.95,192.69
15/07/2021,196.72,203.42,205.39,190.25
16/07/2021,192.85,196.76,199.99,191.52
17/07/2021,197.66,192.91,199.38,191.10
18/07/2021,199.19,197.66,204.97,197.14
19/07/2021,188.97,199.19,200.26,187.77
20/07/2021,182.79,188.97,191.68,179.02
21/07/2021,196.64,182.79,200.11,178.94
22/07/2021,197.70,196.64,202.49,190.21
23/07/2021,203.74,197.70,203.74,194.52
24/07/2021,207.98,203.74,208.46,201.97
25/07/2021,213.53,207.52,214.56,204.43
26/07/2021,218.25,213.13,234.98,212.60
27/07/2021,225.86,218.15,226.41,214.28
28/07/2021,235.32,225.86,235.32,222.29
29/07/2021,241.41,235.36,248.06,230.86
30/07/2021,242.25,241.50,245.30,230.14
31/07/2021,239.61,242.28,249.02,234.39
01/08/2021,236.24,239.61,249.38,232.28
02/08/2021,232.69,236.04,244.27,228.57
03/08/2021,225.83,232.65,236.84,223.70
04/08/2021,245.13,225.83,245.73,222.99
05/08/2021,252.82,245.23,253.90,237.32
06/08/2021,262.87,252.81,267.02,250.75
07/08/2021,271.54,262.86,275.84,259.46
08/08/2021,256.83,271.86,274.72,256.19
09/08/2021,269.51,256.83,271.90,254.00
10/08/2021,266.35,269.41,270.89,260.21
11/08/2021,268.46,266.35,279.31,265.96
12/08/2021,257.17,268.37,276.43,252.26
13/08/2021,273.02,257.17,273.33,254.93
14/08/2021,271.27,272.99,279.26,265.11
15/08/2021,271.93,271.27,275.10,261.63
16/08/2021,267.23,271.92,284.94,266.36
17/08/2021,256.33,267.04,278.00,255.50
18/08/2021,252.73,256.25,261.98,246.07
19/08/2021,264.24,252.60,264.30,247.18
20/08/2021,282.10,264.27,283.51,262.35
21/08/2021,287.91,282.14,293.29,272.71
22/08/2021,306.20,288.01,306.73,275.92
23/08/2021,318.49,306.27,334.65,302.27
24/08/2021,308.29,318.49,339.56,303.11
25/08/2021,314.07,308.30,324.98,298.21
26/08/2021,291.60,314.08,317.58,286.73
27/08/2021,315.04,291.62,316.74,286.25
28/08/2021,300.31,315.04,316.64,298.60
29/08/2021,291.36,300.56,306.53,286.96
30/08/2021,281.85,291.44,295.19,281.21
31/08/2021,285.97,281.85,292.78,279.35
01/09/2021,303.06,285.94,303.47,280.25
02/09/2021,302.75,302.97,309.49,297.94
03/09/2021,303.60,302.75,309.51,296.85
04/09/2021,305.04,303.61,311.25,299.10
05/09/2021,315.19,305.04,319.20,299.90
06/09/2021,315.16,315.19,321.60,301.16
07/09/2021,261.97,315.16,316.17,233.92
08/09/2021,256.67,262.76,270.84,245.48
09/09/2021,261.34,256.82,266.88,253.85
10/09/2021,249.04,261.34,268.12,244.55
11/09/2021,249.67,249.11,258.63,247.37
12/09/2021,256.11,249.67,258.41,246.28
13/09/2021,263.14,256.11,269.78,242.07
14/09/2021,268.49,263.39,274.74,256.06
15/09/2021,268.96,268.49,274.33,265.47
16/09/2021,264.04,269.12,273.31,259.74
17/09/2021,262.55,264.03,267.58,256.99
18/09/2021,271.81,262.55,271.95,260.02
19/09/2021,259.83,271.74,276.22,258.58
20/09/2021,231.20,259.81,261.25,226.77
21/09/2021,217.46,231.20,237.39,212.68
22/09/2021,244.94,217.48,245.47,214.63
23/09/2021,249.13,244.94,250.89,243.48
24/09/2021,233.60,249.13,254.37,224.29
25/09/2021,236.33,233.60,242.29,230.35
26/09/2021,234.28,236.16,236.95,221.98
27/09/2021,234.49,234.28,248.11,233.74
28/09/2021,229.61,234.31,243.65,228.42
29/09/2021,233.90,229.61,240.63,228.90
30/09/2021,250.93,233.90,254.19,232.95
01/10/2021,257.67,250.93,261.55,243.29
02/10/2021,252.94,257.51,262.39,251.76
03/10/2021,258.94,252.88,263.27,250.40
04/10/2021,264.86,259.18,267.23,251.65
05/10/2021,270.74,264.73,275.63,261.07
06/10/2021,286.53,270.74,294.38,262.55
07/10/2021,277.71,286.53,295.62,275.96
08/10/2021,277.68,277.71,286.47,276.28
09/10/2021,278.25,277.68,282.13,273.99
10/10/2021,270.24,278.25,282.47,269.60
11/10/2021,276.63,270.24,279.96,265.46
12/10/2021,277.12,276.69,280.78,268.54
13/10/2021,274.70,277.16,283.14,269.78
14/10/2021,266.49,274.64,274.71,264.68
15/10/2021,274.08,266.73,279.00,261.09
16/10/2021,267.55,274.08,274.61,265.08
17/10/2021,260.86,267.56,268.36,253.52
18/10/2021,256.59,261.03,264.49,252.63
19/10/2021,255.04,256.59,260.41,251.67
20/10/2021,260.05,255.04,265.55,253.30
21/10/2021,271.00,260.05,275.14,257.90
22/10/2021,266.62,271.00,275.17,264.08
23/10/2021,267.34,266.51,269.64,261.46
24/10/2021,289.36,267.34,295.05,266.68
25/10/2021,286.99,289.29,296.79,284.06
26/10/2021,279.95,286.99,293.93,278.96
27/10/2021,255.60,279.96,283.40,248.82
28/10/2021,267.12,255.60,271.04,253.21
29/10/2021,268.47,267.25,271.23,265.22
30/10/2021,262.85,268.92,269.75,260.75
31/10/2021,274.15,262.85,276.12,262.66
01/11/2021,270.92,274.42,278.26,267.28
02/11/2021,274.96,270.92,277.31,267.85
03/11/2021,265.96,275.07,275.24,263.93
04/11/2021,260.78,266.12,267.00,256.13
05/11/2021,256.11,260.78,262.87,253.42
06/11/2021,259.74,255.74,262.60,249.30
07/11/2021,266.75,259.74,266.83,258.96
08/11/2021,274.80,266.75,275.12,261.97
09/11/2021,289.45,274.80,293.93,269.48
10/11/2021,267.41,289.45,292.83,260.25
11/11/2021,264.36,267.41,271.04,261.14
12/11/2021,260.64,263.76,266.99,252.16
13/11/2021,270.77,260.64,274.98,258.41
14/11/2021,274.99,270.77,281.70,266.61
15/11/2021,268.06,274.97,278.94,265.18
16/11/2021,240.78,268.06,268.09,231.49
17/11/2021,241.82,240.78,244.50,230.95
18/11/2021,226.46,241.76,244.16,224.15
19/11/2021,238.54,226.46,239.63,224.39
20/11/2021,247.09,238.54,251.91,237.05
21/11/2021,251.34,247.09,253.65,242.25
22/11/2021,231.88,250.99,251.05,229.17
23/11/2021,237.00,231.90,239.30,225.77
24/11/2021,243.93,237.54,246.95,233.25
25/11/2021,247.82,243.93,250.87,241.69
26/11/2021,226.17,248.13,249.41,218.28
27/11/2021,228.09,226.17,233.70,225.68
28/11/2021,239.26,228.11,239.31,219.92
29/11/2021,235.79,239.30,240.06,233.44
30/11/2021,237.93,235.79,250.30,228.21
01/12/2021,230.68,237.90,242.69,227.40
02/12/2021,239.35,230.68,241.69,225.58
03/12/2021,223.90,239.35,243.99,218.52
04/12/2021,204.74,223.90,225.41,178.26
05/12/2021,201.16,204.74,206.37,193.53
06/12/2021,201.55,201.19,203.74,185.93
07/12/2021,206.93,201.55,208.21,199.52
08/12/2021,209.70,206.93,214.02,200.75
09/12/2021,189.48,209.69,210.55,187.96
10/12/2021,189.60,189.30,197.52,186.22
11/12/2021,198.27,189.60,199.83,187.40
12/12/2021,197.85,198.38,202.04,191.63
13/12/2021,184.06,197.85,198.92,181.75
14/12/2021,186.85,184.06,188.34,180.27
15/12/2021,188.16,186.85,190.65,178.97
16/12/2021,187.18,188.16,198.32,185.09
17/12/2021,181.55,187.18,188.77,176.87
18/12/2021,181.25,181.55,185.79,178.12
19/12/2021,184.09,181.25,186.02,178.13
20/12/2021,188.98,184.04,193.24,179.55
21/12/2021,189.12,188.98,197.96,187.44
22/12/2021,190.67,189.06,194.57,186.32
23/12/2021,209.75,190.65,215.17,187.60
24/12/2021,204.15,209.75,210.47,200.53
25/12/2021,211.05,204.15,218.12,203.17
26/12/2021,217.08,211.05,217.48,206.21
27/12/2021,220.75,217.08,236.47,215.67
28/12/2021,208.49,220.75,221.10,207.25
29/12/2021,214.80,208.49,218.76,203.04
30/12/2021,225.31,214.80,228.57,209.22
31/12/2021,228.65,225.31,235.00,223.08
01/01/2022,250.12,228.60,252.82,228.58
02/01/2022,239.66,250.16,251.11,236.46
03/01/2022,231.50,239.66,239.66,223.68
04/01/2022,222.06,231.42,233.35,220.37
05/01/2022,206.33,222.06,225.14,200.84
06/01/2022,204.65,206.38,206.41,194.06
07/01/2022,194.75,204.65,208.84,192.05
08/01/2022,183.93,194.75,197.78,179.25
09/01/2022,190.81,183.94,194.70,183.06
10/01/2022,182.60,190.86,194.39,178.98
11/01/2022,192.76,182.50,193.25,181.14
12/01/2022,199.06,192.76,200.97,192.75
13/01/2022,223.53,199.21,229.87,198.49
14/01/2022,229.90,223.53,230.98,217.23
15/01/2022,217.81,229.90,231.05,217.27
16/01/2022,224.24,217.81,228.37,213.25
17/01/2022,214.56,224.24,230.64,212.06
18/01/2022,204.16,214.54,217.76,199.69
19/01/2022,201.37,204.11,212.73,199.16
20/01/2022,188.71,201.37,209.99,188.05
21/01/2022,172.93,188.71,191.98,167.26
22/01/2022,152.17,172.93,175.36,140.49
23/01/2022,156.89,152.17,158.87,148.24
24/01/2022,146.79,156.89,156.89,134.89
25/01/2022,144.62,146.79,147.73,139.62
26/01/2022,148.15,144.80,158.10,142.94
27/01/2022,144.79,148.16,149.73,139.34
28/01/2022,149.04,144.79,149.22,140.90
29/01/2022,153.55,149.04,155.48,148.77
30/01/2022,147.96,153.55,154.80,145.82
31/01/2022,147.16,147.96,148.02,140.59
01/02/2022,146.11,147.19,148.11,143.40
02/02/2022,144.77,146.11,150.27,143.97
03/02/2022,146.79,144.88,146.93,140.70
04/02/2022,165.24,146.84,165.76,146.64
05/02/2022,168.60,165.24,169.93,161.91
06/02/2022,173.62,168.55,174.19,166.50
07/02/2022,184.84,173.62,185.27,170.91
08/02/2022,178.59,184.84,187.53,174.62
09/02/2022,185.94,178.70,185.94,175.57
10/02/2022,179.19,185.94,187.24,177.27
11/02/2022,169.40,179.14,181.25,166.30
12/02/2022,173.79,169.40,175.09,164.32
13/02/2022,173.73,173.80,175.23,170.81
14/02/2022,176.16,173.74,177.53,167.95
15/02/2022,182.47,176.16,183.29,174.54
16/02/2022,178.92,182.47,183.63,178.09
17/02/2022,163.70,178.99,180.85,163.07
18/02/2022,160.08,163.70,166.74,158.90
19/02/2022,161.07,160.08,165.40,158.35
20/02/2022,153.70,161.07,161.54,151.13
21/02/2022,147.86,153.70,161.63,147.33
22/02/2022,150.82,147.86,151.39,140.68
23/02/2022,148.78,150.82,156.07,148.30
24/02/2022,147.08,148.74,151.26,132.28
25/02/2022,153.86,147.09,156.04,145.22
26/02/2022,157.72,153.85,159.89,151.90
27/02/2022,150.68,157.72,159.56,148.37
28/02/2022,170.30,150.67,170.37,148.65
01/03/2022,177.89,170.30,179.98,170.17
02/03/2022,177.91,177.90,181.08,173.05
03/03/2022,172.13,177.91,181.22,170.88
04/03/2022,159.70,172.13,179.36,156.28
05/03/2022,166.00,159.80,166.00,155.90
06/03/2022,158.90,166.00,173.30,158.70
07/03/2022,158.00,158.90,162.90,153.50
08/03/2022,203.20,158.00,207.30,157.30
09/03/2022,188.40,203.20,207.80,185.60
10/03/2022,178.60,188.40,192.50,165.30
11/03/2022,170.60,178.60,178.60,166.80
12/03/2022,185.30,170.60,186.60,169.80
13/03/2022,176.10,185.40,194.60,174.50
14/03/2022,185.90,175.80,186.40,173.80
15/03/2022,183.20,185.90,191.30,176.80
16/03/2022,189.30,183.20,193.30,182.30
17/03/2022,187.60,189.30,191.60,185.50
18/03/2022,195.10,187.60,196.70,185.90
19/03/2022,197.42,195.10,202.00,190.90
20/03/2022,194.59,197.42,204.68,194.13
21/03/2022,191.49,194.59,195.53,188.40
22/03/2022,193.83,191.49,198.04,189.72
23/03/2022,197.34,193.83,197.52,191.11
24/03/2022,203.80,197.34,204.37,193.99
25/03/2022,199.66,203.80,204.73,198.82
26/03/2022,206.98,199.66,209.73,199.28
27/03/2022,215.83,206.98,215.92,205.21
28/03/2022,214.60,215.83,221.51,212.86
29/03/2022,222.11,214.60,225.58,214.60
30/03/2022,221.28,222.11,223.30,216.43
31/03/2022,212.72,221.28,223.26,211.17
01/04/2022,218.19,212.71,222.02,208.82
02/04/2022,212.65,218.35,222.72,212.12
03/04/2022,217.34,212.65,218.85,209.31
04/04/2022,222.21,217.34,224.05,211.58
05/04/2022,222.21,222.16,228.51,218.09
06/04/2022,213.50,222.21,224.37,212.02
07/04/2022,226.05,213.50,228.24,213.02
08/04/2022,217.21,226.05,227.31,215.15
09/04/2022,239.83,217.21,244.74,216.58
10/04/2022,235.72,239.83,244.68,228.94
11/04/2022,226.18,235.70,243.63,215.79
12/04/2022,231.94,226.11,249.86,224.73
13/04/2022,237.03,231.94,238.47,227.06
14/04/2022,229.59,237.05,240.18,223.83
15/04/2022,239.38,229.42,239.78,228.26
16/04/2022,236.32,239.38,239.47,228.29
17/04/2022,241.26,236.32,243.41,234.99
18/04/2022,266.12,241.10,269.51,233.81
19/04/2022,253.85,266.13,268.65,250.18
20/04/2022,266.76,253.79,270.43,251.10
21/04/2022,278.33,266.76,288.80,265.81
22/04/2022,268.34,278.33,288.13,261.27
23/04/2022,266.53,268.23,278.85,262.60
24/04/2022,252.65,266.53,268.89,248.34
25/04/2022,254.44,252.65,259.86,237.55
26/04/2022,230.19,254.44,264.36,227.65
27/04/2022,229.45,230.19,235.83,221.64
28/04/2022,227.42,229.45,237.90,223.77
29/04/2022,220.71,227.42,235.57,216.95
30/04/2022,214.57,220.69,233.86,212.60
01/05/2022,212.05,214.52,227.85,208.51
02/05/2022,198.84,212.05,216.32,196.22
03/05/2022,207.22,198.84,215.55,198.76
04/05/2022,225.27,207.22,225.64,206.20
05/05/2022,206.67,225.27,229.61,199.64
06/05/2022,218.38,206.66,218.60,200.63
07/05/2022,204.48,218.38,223.38,199.43
08/05/2022,217.15,204.54,222.01,200.00
09/05/2022,172.74,216.94,220.64,172.74
10/05/2022,162.78,172.74,189.40,151.18
11/05/2022,140.57,162.78,172.64,138.18
12/05/2022,137.90,140.68,156.02,119.20
13/05/2022,143.97,137.74,155.17,135.46
14/05/2022,153.33,143.97,154.95,135.92
15/05/2022,172.01,153.35,172.81,151.09
16/05/2022,162.36,172.01,174.61,160.19
17/05/2022,172.80,162.36,177.75,162.12
18/05/2022,155.31,172.76,176.01,154.67
19/05/2022,165.82,155.32,169.82,151.26
20/05/2022,173.99,165.82,181.61,163.35
21/05/2022,176.03,174.05,180.78,170.53
22/05/2022,187.16,176.03,188.54,172.71
23/05/2022,185.10,187.16,199.86,181.64
24/05/2022,193.31,185.10,196.62,183.71
25/05/2022,204.50,193.31,205.41,191.61
26/05/2022,189.00,204.18,206.31,185.24
27/05/2022,180.76,189.23,190.78,176.20
28/05/2022,176.09,180.76,184.39,174.60
29/05/2022,186.07,176.09,188.23,167.94
30/05/2022,204.34,186.07,209.12,183.19
31/05/2022,198.57,204.34,208.55,191.97
01/06/2022,198.63,198.52,203.62,193.25
02/06/2022,201.55,198.63,203.94,192.60
03/06/2022,193.94,201.55,202.82,187.49
04/06/2022,189.24,193.80,195.72,188.79
05/06/2022,187.99,189.24,192.02,186.17
06/06/2022,189.33,187.99,195.55,187.79
07/06/2022,187.65,189.33,195.38,180.05
08/06/2022,186.53,187.65,189.61,182.31
09/06/2022,185.88,186.53,189.89,182.34
10/06/2022,174.26,185.88,186.62,172.27
11/06/2022,166.56,174.26,178.50,161.34
12/06/2022,158.09,166.56,167.27,152.58
13/06/2022,132.32,158.09,159.86,128.39
14/06/2022,118.58,132.75,134.25,116.28
15/06/2022,118.42,118.58,119.40,104.08
16/06/2022,106.62,118.43,120.98,104.35
17/06/2022,114.32,106.62,116.40,106.03
18/06/2022,104.38,114.49,115.69,96.92
19/06/2022,114.48,104.38,115.28,100.00
20/06/2022,117.28,114.41,117.95,108.53
21/06/2022,118.71,117.28,125.09,115.84
22/06/2022,111.11,118.71,118.90,111.10
23/06/2022,122.69,111.11,122.93,110.98
24/06/2022,126.52,122.69,128.79,122.61
25/06/2022,127.32,126.52,128.10,121.08
26/06/2022,125.30,127.32,134.10,125.06
27/06/2022,120.23,125.30,130.63,119.96
28/06/2022,117.58,120.23,123.19,116.12
29/06/2022,118.79,117.58,124.80,116.96
30/06/2022,113.31,118.94,119.71,108.20
01/07/2022,115.25,113.10,117.00,111.05
02/07/2022,116.06,115.25,119.02,113.40
03/07/2022,116.53,116.06,117.62,114.17
04/07/2022,123.92,116.53,124.30,115.04
05/07/2022,122.44,124.00,125.29,118.69
06/07/2022,125.60,122.52,126.84,121.08
07/07/2022,130.63,125.60,131.52,125.37
08/07/2022,125.44,130.63,133.70,125.44
09/07/2022,127.19,125.43,129.03,125.16
10/07/2022,129.26,127.19,129.26,120.88
11/07/2022,126.98,129.26,132.79,125.85
12/07/2022,126.22,126.98,129.36,123.51
